"","num_dataset","AUC_Train.model.name","AUC_Train.AUC","Model_Type"
"1",1,"RSA",0.690702087286527,"RSA"
"2",2,"RSA",0.667281105990783,"RSA"
"3",3,"RSA",0.736274509803922,"RSA"
"4",4,"RSA",0.713725490196078,"RSA"
"5",5,"RSA",0.682163187855787,"RSA"
"6",6,"RSA",0.716666666666667,"RSA"
"7",7,"RSA",0.68110599078341,"RSA"
"8",8,"RSA",0.666034155597723,"RSA"
"9",9,"RSA",0.73719165085389,"RSA"
"10",10,"RSA",0.700980392156863,"RSA"
