"","num_dataset","AUC_Train.model.name","AUC_Train.AUC","Model_Type"
"1",1,"RSA",0.671726755218216,"RSA"
"2",2,"RSA",0.706912442396313,"RSA"
"3",3,"RSA",0.724857685009488,"RSA"
"4",4,"RSA",0.729411764705882,"RSA"
"5",5,"RSA",0.674573055028463,"RSA"
"6",6,"RSA",0.642156862745098,"RSA"
"7",7,"RSA",0.677142857142857,"RSA"
"8",8,"RSA",0.733396584440228,"RSA"
"9",9,"RSA",0.701138519924099,"RSA"
"10",10,"RSA",0.725490196078431,"RSA"
