"","num_dataset","AUC_Train.model.name","AUC_Train.AUC","Model_Type"
"1",1,"RSA",0.709677419354839,"RSA"
"2",2,"RSA",0.682163187855787,"RSA"
"3",3,"RSA",0.682352941176471,"RSA"
"4",4,"RSA",0.713333333333333,"RSA"
"5",5,"RSA",0.681372549019608,"RSA"
"6",6,"RSA",0.686907020872865,"RSA"
"7",7,"RSA",0.71889400921659,"RSA"
"8",8,"RSA",0.691176470588235,"RSA"
"9",9,"RSA",0.727703984819734,"RSA"
"10",10,"RSA",0.698292220113852,"RSA"
