"","num_dataset","AUC_Train.model.name","AUC_Train.AUC","Model_Type"
"1",1,"RSA",0.722549019607843,"RSA"
"2",2,"RSA",0.678341013824885,"RSA"
"3",3,"RSA",0.682352941176471,"RSA"
"4",4,"RSA",0.679316888045541,"RSA"
"5",5,"RSA",0.738140417457306,"RSA"
"6",6,"RSA",0.694117647058824,"RSA"
"7",7,"RSA",0.72865275142315,"RSA"
"8",8,"RSA",0.690196078431373,"RSA"
"9",9,"RSA",0.690322580645161,"RSA"
"10",10,"RSA",0.684060721062619,"RSA"
