"","num_dataset","AUC_Train.model.name","AUC_Train.AUC","Model_Type"
"1",1,"RSA",0.701138519924099,"RSA"
"2",2,"RSA",0.72843137254902,"RSA"
"3",3,"RSA",0.712523719165085,"RSA"
"4",4,"RSA",0.676470588235294,"RSA"
"5",5,"RSA",0.68294930875576,"RSA"
"6",6,"RSA",0.700189753320683,"RSA"
"7",7,"RSA",0.672675521821632,"RSA"
"8",8,"RSA",0.710599078341014,"RSA"
"9",9,"RSA",0.658823529411765,"RSA"
"10",10,"RSA",0.749019607843137,"RSA"
