"","num_dataset","AUC_Train.model.name","AUC_Train.AUC","Model_Type"
"1",1,"RSA",0.73921568627451,"RSA"
"2",2,"RSA",0.690196078431373,"RSA"
"3",3,"RSA",0.665085388994307,"RSA"
"4",4,"RSA",0.676470588235294,"RSA"
"5",5,"RSA",0.68110599078341,"RSA"
"6",6,"RSA",0.70303605313093,"RSA"
"7",7,"RSA",0.684313725490196,"RSA"
"8",8,"RSA",0.702857142857143,"RSA"
"9",9,"RSA",0.72865275142315,"RSA"
"10",10,"RSA",0.715370018975332,"RSA"
