"","num_dataset","AUC_Train.model.name","AUC_Train.AUC","Model_Type"
"1",1,"RSA",0.727450980392157,"RSA"
"2",2,"RSA",0.722549019607843,"RSA"
"3",3,"RSA",0.68595825426945,"RSA"
"4",4,"RSA",0.647058823529412,"RSA"
"5",5,"RSA",0.673624288425047,"RSA"
"6",6,"RSA",0.698292220113852,"RSA"
"7",7,"RSA",0.699240986717268,"RSA"
"8",8,"RSA",0.746666666666667,"RSA"
"9",9,"RSA",0.70303605313093,"RSA"
"10",10,"RSA",0.684792626728111,"RSA"
