"","num_dataset","AUC_Train.model.name","AUC_Train.AUC","Model_Type"
"1",1,"RSA",0.705882352941176,"RSA"
"2",2,"RSA",0.69449715370019,"RSA"
"3",3,"RSA",0.700460829493088,"RSA"
"4",4,"RSA",0.749019607843137,"RSA"
"5",5,"RSA",0.719607843137255,"RSA"
"6",6,"RSA",0.700189753320683,"RSA"
"7",7,"RSA",0.680265654648956,"RSA"
"8",8,"RSA",0.657843137254902,"RSA"
"9",9,"RSA",0.685714285714286,"RSA"
"10",10,"RSA",0.693548387096774,"RSA"
