"","num_dataset","AUC_Train.model.name","AUC_Train.AUC","Model_Type"
"1",1,"RSA",0.714705882352941,"RSA"
"2",2,"RSA",0.658064516129032,"RSA"
"3",3,"RSA",0.732447817836812,"RSA"
"4",4,"RSA",0.683809523809524,"RSA"
"5",5,"RSA",0.698039215686274,"RSA"
"6",6,"RSA",0.693548387096774,"RSA"
"7",7,"RSA",0.722011385199241,"RSA"
"8",8,"RSA",0.719607843137255,"RSA"
"9",9,"RSA",0.684060721062619,"RSA"
"10",10,"RSA",0.683111954459203,"RSA"
