"","num_dataset","AUC_Train.model.name","AUC_Train.AUC","Model_Type"
"1",1,"RSA",0.680265654648956,"RSA"
"2",2,"RSA",0.688571428571429,"RSA"
"3",3,"RSA",0.712523719165085,"RSA"
"4",4,"RSA",0.709803921568627,"RSA"
"5",5,"RSA",0.716190476190476,"RSA"
"6",6,"RSA",0.675521821631879,"RSA"
"7",7,"RSA",0.729601518026565,"RSA"
"8",8,"RSA",0.692599620493359,"RSA"
"9",9,"RSA",0.679411764705882,"RSA"
"10",10,"RSA",0.706831119544592,"RSA"
