"","num_dataset","AUC_Train.model.name","AUC_Train.AUC","Model_Type"
"1",1,"RSA",0.690702087286527,"RSA"
"2",2,"RSA",0.709677419354839,"RSA"
"3",3,"RSA",0.73921568627451,"RSA"
"4",4,"RSA",0.687855787476281,"RSA"
"5",5,"RSA",0.716318785578748,"RSA"
"6",6,"RSA",0.699539170506912,"RSA"
"7",7,"RSA",0.71078431372549,"RSA"
"8",8,"RSA",0.672380952380952,"RSA"
"9",9,"RSA",0.690196078431373,"RSA"
"10",10,"RSA",0.676470588235294,"RSA"
