"","num_dataset","AUC_Train.model.name","AUC_Train.AUC","Model_Type"
"1",1,"RSA",0.738235294117647,"RSA"
"2",2,"RSA",0.691428571428572,"RSA"
"3",3,"RSA",0.693548387096774,"RSA"
"4",4,"RSA",0.687855787476281,"RSA"
"5",5,"RSA",0.692599620493359,"RSA"
"6",6,"RSA",0.699019607843137,"RSA"
"7",7,"RSA",0.699019607843137,"RSA"
"8",8,"RSA",0.713472485768501,"RSA"
"9",9,"RSA",0.670777988614801,"RSA"
"10",10,"RSA",0.700460829493088,"RSA"
