"","num_dataset","AUC_Train.model.name","AUC_Train.AUC","Model_Type"
"1",1,"RSA",0.654901960784314,"RSA"
"2",2,"RSA",0.713725490196078,"RSA"
"3",3,"RSA",0.697343453510436,"RSA"
"4",4,"RSA",0.681214421252372,"RSA"
"5",5,"RSA",0.719165085388994,"RSA"
"6",6,"RSA",0.675576036866359,"RSA"
"7",7,"RSA",0.714285714285714,"RSA"
"8",8,"RSA",0.687254901960784,"RSA"
"9",9,"RSA",0.69449715370019,"RSA"
"10",10,"RSA",0.751960784313725,"RSA"
