"","num_dataset","AUC_Train.model.name","AUC_Train.AUC","Model_Type"
"1",1,"RSA",0.706831119544592,"RSA"
"2",2,"RSA",0.689753320683112,"RSA"
"3",3,"RSA",0.713725490196078,"RSA"
"4",4,"RSA",0.706862745098039,"RSA"
"5",5,"RSA",0.71889400921659,"RSA"
"6",6,"RSA",0.742857142857143,"RSA"
"7",7,"RSA",0.696394686907021,"RSA"
"8",8,"RSA",0.657843137254902,"RSA"
"9",9,"RSA",0.670588235294118,"RSA"
"10",10,"RSA",0.685009487666034,"RSA"
