"","num_dataset","AUC_Train.model.name","AUC_Train.AUC","Model_Type"
"1",1,"RSA",0.661764705882353,"RSA"
"2",2,"RSA",0.709677419354839,"RSA"
"3",3,"RSA",0.690196078431373,"RSA"
"4",4,"RSA",0.730875576036866,"RSA"
"5",5,"RSA",0.681214421252372,"RSA"
"6",6,"RSA",0.705882352941176,"RSA"
"7",7,"RSA",0.722549019607843,"RSA"
"8",8,"RSA",0.678095238095238,"RSA"
"9",9,"RSA",0.670777988614801,"RSA"
"10",10,"RSA",0.73719165085389,"RSA"
