"","num_dataset","AUC_Train.model.name","AUC_Train.AUC","Model_Type"
"1",1,"RSA",0.722011385199241,"RSA"
"2",2,"RSA",0.721062618595825,"RSA"
"3",3,"RSA",0.689753320683112,"RSA"
"4",4,"RSA",0.718627450980392,"RSA"
"5",5,"RSA",0.693137254901961,"RSA"
"6",6,"RSA",0.697343453510436,"RSA"
"7",7,"RSA",0.707779886148008,"RSA"
"8",8,"RSA",0.68921568627451,"RSA"
"9",9,"RSA",0.678095238095238,"RSA"
"10",10,"RSA",0.672811059907834,"RSA"
