"","num_dataset","AUC_Train.model.name","AUC_Train.AUC","Model_Type"
"1",1,"RSA",0.72865275142315,"RSA"
"2",2,"RSA",0.69449715370019,"RSA"
"3",3,"RSA",0.732380952380952,"RSA"
"4",4,"RSA",0.68921568627451,"RSA"
"5",5,"RSA",0.706862745098039,"RSA"
"6",6,"RSA",0.675521821631879,"RSA"
"7",7,"RSA",0.735294117647059,"RSA"
"8",8,"RSA",0.676497695852535,"RSA"
"9",9,"RSA",0.689753320683112,"RSA"
"10",10,"RSA",0.659392789373814,"RSA"
