"","num_dataset","AUC_Train.model.name","AUC_Train.AUC","Model_Type"
"1",1,"RSA",0.686274509803922,"RSA"
"2",2,"RSA",0.711764705882353,"RSA"
"3",3,"RSA",0.681904761904762,"RSA"
"4",4,"RSA",0.701138519924099,"RSA"
"5",5,"RSA",0.701138519924099,"RSA"
"6",6,"RSA",0.673529411764706,"RSA"
"7",7,"RSA",0.735294117647059,"RSA"
"8",8,"RSA",0.69449715370019,"RSA"
"9",9,"RSA",0.705882352941176,"RSA"
"10",10,"RSA",0.699539170506912,"RSA"
