"","num_dataset","AUC_Train.model.name","AUC_Train.AUC","Model_Type"
"1",1,"RSA",0.710626185958254,"RSA"
"2",2,"RSA",0.676470588235294,"RSA"
"3",3,"RSA",0.686635944700461,"RSA"
"4",4,"RSA",0.708728652751423,"RSA"
"5",5,"RSA",0.738235294117647,"RSA"
"6",6,"RSA",0.687619047619048,"RSA"
"7",7,"RSA",0.709803921568627,"RSA"
"8",8,"RSA",0.690702087286527,"RSA"
"9",9,"RSA",0.687855787476281,"RSA"
"10",10,"RSA",0.690196078431373,"RSA"
