"","num_dataset","AUC_Train.model.name","AUC_Train.AUC","Model_Type"
"1",1,"RSA",0.724509803921569,"RSA"
"2",2,"RSA",0.691650853889943,"RSA"
"3",3,"RSA",0.683333333333333,"RSA"
"4",4,"RSA",0.685714285714286,"RSA"
"5",5,"RSA",0.707843137254902,"RSA"
"6",6,"RSA",0.703984819734345,"RSA"
"7",7,"RSA",0.70303605313093,"RSA"
"8",8,"RSA",0.717267552182163,"RSA"
"9",9,"RSA",0.697058823529412,"RSA"
"10",10,"RSA",0.68294930875576,"RSA"
