"","num_dataset","AUC_Train.model.name","AUC_Train.AUC","Model_Type"
"1",1,"RSA",0.704901960784314,"RSA"
"2",2,"RSA",0.68921568627451,"RSA"
"3",3,"RSA",0.70303605313093,"RSA"
"4",4,"RSA",0.696078431372549,"RSA"
"5",5,"RSA",0.696774193548387,"RSA"
"6",6,"RSA",0.706831119544592,"RSA"
"7",7,"RSA",0.700980392156863,"RSA"
"8",8,"RSA",0.681214421252372,"RSA"
"9",9,"RSA",0.707779886148008,"RSA"
"10",10,"RSA",0.704147465437788,"RSA"
