"","num_dataset","AUC_Train.model.name","AUC_Train.AUC","Model_Type"
"1",1,"RSA",0.696394686907021,"RSA"
"2",2,"RSA",0.693548387096774,"RSA"
"3",3,"RSA",0.692599620493359,"RSA"
"4",4,"RSA",0.730476190476191,"RSA"
"5",5,"RSA",0.690196078431373,"RSA"
"6",6,"RSA",0.72011385199241,"RSA"
"7",7,"RSA",0.676470588235294,"RSA"
"8",8,"RSA",0.665085388994307,"RSA"
"9",9,"RSA",0.708823529411765,"RSA"
"10",10,"RSA",0.716129032258065,"RSA"
