"","num_dataset","AUC_Train.model.name","AUC_Train.AUC","Model_Type"
"1",1,"RSA",0.682857142857143,"RSA"
"2",2,"RSA",0.760910815939279,"RSA"
"3",3,"RSA",0.693548387096774,"RSA"
"4",4,"RSA",0.695238095238095,"RSA"
"5",5,"RSA",0.674573055028463,"RSA"
"6",6,"RSA",0.711764705882353,"RSA"
"7",7,"RSA",0.667931688804554,"RSA"
"8",8,"RSA",0.702941176470588,"RSA"
"9",9,"RSA",0.698292220113852,"RSA"
"10",10,"RSA",0.701138519924099,"RSA"
