"","num_dataset","AUC_Train.model.name","AUC_Train.AUC","Model_Type"
"1",1,"RSA",0.72011385199241,"RSA"
"2",2,"RSA",0.692599620493359,"RSA"
"3",3,"RSA",0.702087286527514,"RSA"
"4",4,"RSA",0.706862745098039,"RSA"
"5",5,"RSA",0.671726755218216,"RSA"
"6",6,"RSA",0.68921568627451,"RSA"
"7",7,"RSA",0.696078431372549,"RSA"
"8",8,"RSA",0.690322580645161,"RSA"
"9",9,"RSA",0.694285714285714,"RSA"
"10",10,"RSA",0.724857685009488,"RSA"
