"","num_dataset","AUC_Train.model.name","AUC_Train.AUC","Model_Type"
"1",1,"RSA",0.716666666666667,"RSA"
"2",2,"RSA",0.759013282732448,"RSA"
"3",3,"RSA",0.689753320683112,"RSA"
"4",4,"RSA",0.680184331797235,"RSA"
"5",5,"RSA",0.697695852534562,"RSA"
"6",6,"RSA",0.684060721062619,"RSA"
"7",7,"RSA",0.7,"RSA"
"8",8,"RSA",0.673529411764706,"RSA"
"9",9,"RSA",0.708823529411765,"RSA"
"10",10,"RSA",0.678368121442125,"RSA"
