"","num_dataset","AUC_Train.model.name","AUC_Train.AUC","Model_Type"
"1",1,"RSA",0.701138519924099,"RSA"
"2",2,"RSA",0.680392156862745,"RSA"
"3",3,"RSA",0.708728652751423,"RSA"
"4",4,"RSA",0.691650853889943,"RSA"
"5",5,"RSA",0.704933586337761,"RSA"
"6",6,"RSA",0.749019607843137,"RSA"
"7",7,"RSA",0.687855787476281,"RSA"
"8",8,"RSA",0.640196078431373,"RSA"
"9",9,"RSA",0.704761904761905,"RSA"
"10",10,"RSA",0.713364055299539,"RSA"
