"","num_dataset","AUC_Train.model.name","AUC_Train.AUC","Model_Type"
"1",1,"RSA",0.67843137254902,"RSA"
"2",2,"RSA",0.68294930875576,"RSA"
"3",3,"RSA",0.683333333333333,"RSA"
"4",4,"RSA",0.683111954459203,"RSA"
"5",5,"RSA",0.708728652751423,"RSA"
"6",6,"RSA",0.705714285714286,"RSA"
"7",7,"RSA",0.72011385199241,"RSA"
"8",8,"RSA",0.699019607843137,"RSA"
"9",9,"RSA",0.695445920303605,"RSA"
"10",10,"RSA",0.72865275142315,"RSA"
