"","num_dataset","AUC_Train.model.name","AUC_Train.AUC","Model_Type"
"1",1,"RSA",0.676470588235294,"RSA"
"2",2,"RSA",0.679316888045541,"RSA"
"3",3,"RSA",0.731372549019608,"RSA"
"4",4,"RSA",0.673333333333333,"RSA"
"5",5,"RSA",0.698292220113852,"RSA"
"6",6,"RSA",0.695098039215686,"RSA"
"7",7,"RSA",0.704933586337761,"RSA"
"8",8,"RSA",0.713364055299539,"RSA"
"9",9,"RSA",0.687254901960784,"RSA"
"10",10,"RSA",0.730550284629981,"RSA"
