"","num_dataset","AUC_Train.model.name","AUC_Train.AUC","Model_Type"
"1",1,"RSA",0.692599620493359,"RSA"
"2",2,"RSA",0.670588235294118,"RSA"
"3",3,"RSA",0.713472485768501,"RSA"
"4",4,"RSA",0.688235294117647,"RSA"
"5",5,"RSA",0.709677419354839,"RSA"
"6",6,"RSA",0.696774193548387,"RSA"
"7",7,"RSA",0.734285714285714,"RSA"
"8",8,"RSA",0.727450980392157,"RSA"
"9",9,"RSA",0.681214421252372,"RSA"
"10",10,"RSA",0.673624288425047,"RSA"
