"","num_dataset","AUC_Train.model.name","AUC_Train.AUC","Model_Type"
"1",1,"RSA",0.674509803921569,"RSA"
"2",2,"RSA",0.703225806451613,"RSA"
"3",3,"RSA",0.666666666666667,"RSA"
"4",4,"RSA",0.659803921568627,"RSA"
"5",5,"RSA",0.715370018975332,"RSA"
"6",6,"RSA",0.732447817836812,"RSA"
"7",7,"RSA",0.682163187855787,"RSA"
"8",8,"RSA",0.690322580645161,"RSA"
"9",9,"RSA",0.768500948766603,"RSA"
"10",10,"RSA",0.698039215686274,"RSA"
