"","num_dataset","AUC_Train.model.name","AUC_Train.AUC","Model_Type"
"1",1,"RSA",0.671726755218216,"RSA"
"2",2,"RSA",0.705990783410138,"RSA"
"3",3,"RSA",0.673624288425047,"RSA"
"4",4,"RSA",0.68921568627451,"RSA"
"5",5,"RSA",0.68921568627451,"RSA"
"6",6,"RSA",0.733396584440228,"RSA"
"7",7,"RSA",0.688235294117647,"RSA"
"8",8,"RSA",0.712523719165085,"RSA"
"9",9,"RSA",0.698039215686274,"RSA"
"10",10,"RSA",0.727188940092166,"RSA"
