"","num_dataset","AUC_Train.model.name","AUC_Train.AUC","Model_Type"
"1",1,"RSA",0.718216318785579,"RSA"
"2",2,"RSA",0.686666666666667,"RSA"
"3",3,"RSA",0.701138519924099,"RSA"
"4",4,"RSA",0.703984819734345,"RSA"
"5",5,"RSA",0.696394686907021,"RSA"
"6",6,"RSA",0.707779886148008,"RSA"
"7",7,"RSA",0.694117647058824,"RSA"
"8",8,"RSA",0.710626185958254,"RSA"
"9",9,"RSA",0.694285714285714,"RSA"
"10",10,"RSA",0.674509803921569,"RSA"
