"","num_dataset","AUC_Train.model.name","AUC_Train.AUC","Model_Type"
"1",1,"RSA",0.67843137254902,"RSA"
"2",2,"RSA",0.723908918406072,"RSA"
"3",3,"RSA",0.715686274509804,"RSA"
"4",4,"RSA",0.683870967741935,"RSA"
"5",5,"RSA",0.690196078431373,"RSA"
"6",6,"RSA",0.690702087286527,"RSA"
"7",7,"RSA",0.683111954459203,"RSA"
"8",8,"RSA",0.696394686907021,"RSA"
"9",9,"RSA",0.713725490196078,"RSA"
"10",10,"RSA",0.716129032258065,"RSA"
