"","num_dataset","AUC_Train.model.name","AUC_Train.AUC","Model_Type"
"1",1,"SS",0.826666666666667,"SS"
"2",2,"SS",0.825490196078431,"SS"
"3",3,"SS",0.859582542694497,"SS"
"4",4,"SS",0.833017077798861,"SS"
"5",5,"SS",0.850980392156863,"SS"
"6",6,"SS",0.855787476280835,"SS"
"7",7,"SS",0.826375711574953,"SS"
"8",8,"SS",0.894117647058823,"SS"
"9",9,"SS",0.835863377609108,"SS"
"10",10,"SS",0.827649769585253,"SS"
