"","num_dataset","AUC_Train.model.name","AUC_Train.AUC","Model_Type"
"1",1,"SS",0.858823529411765,"SS"
"2",2,"SS",0.884313725490196,"SS"
"3",3,"SS",0.910815939278937,"SS"
"4",4,"SS",0.854901960784314,"SS"
"5",5,"SS",0.838709677419355,"SS"
"6",6,"SS",0.826375711574953,"SS"
"7",7,"SS",0.82156862745098,"SS"
"8",8,"SS",0.83778801843318,"SS"
"9",9,"SS",0.826375711574953,"SS"
"10",10,"SS",0.82258064516129,"SS"
