"","num_dataset","AUC_Train.model.name","AUC_Train.AUC","Model_Type"
"1",1,"SS",0.82156862745098,"SS"
"2",2,"SS",0.863594470046083,"SS"
"3",3,"SS",0.859907834101382,"SS"
"4",4,"SS",0.861764705882353,"SS"
"5",5,"SS",0.851992409867173,"SS"
"6",6,"SS",0.826375711574953,"SS"
"7",7,"SS",0.82156862745098,"SS"
"8",8,"SS",0.835863377609108,"SS"
"9",9,"SS",0.833017077798861,"SS"
"10",10,"SS",0.858823529411765,"SS"
