"","num_dataset","AUC_Train.model.name","AUC_Train.AUC","Model_Type"
"1",1,"SS",0.881404174573055,"SS"
"2",2,"SS",0.835863377609108,"SS"
"3",3,"SS",0.837142857142857,"SS"
"4",4,"SS",0.884313725490196,"SS"
"5",5,"SS",0.82258064516129,"SS"
"6",6,"SS",0.851992409867173,"SS"
"7",7,"SS",0.830170777988615,"SS"
"8",8,"SS",0.825490196078431,"SS"
"9",9,"SS",0.904761904761905,"SS"
"10",10,"SS",0.826375711574953,"SS"
