"","num_dataset","AUC_Train.model.name","AUC_Train.AUC","Model_Type"
"1",1,"SS",0.903225806451613,"SS"
"2",2,"SS",0.862745098039216,"SS"
"3",3,"SS",0.833017077798861,"SS"
"4",4,"SS",0.83047619047619,"SS"
"5",5,"SS",0.82156862745098,"SS"
"6",6,"SS",0.885199240986717,"SS"
"7",7,"SS",0.82156862745098,"SS"
"8",8,"SS",0.859907834101382,"SS"
"9",9,"SS",0.851992409867173,"SS"
"10",10,"SS",0.833017077798861,"SS"
