"","num_dataset","AUC_Train.model.name","AUC_Train.AUC","Model_Type"
"1",1,"WCN",0.847926267281106,"WCN"
"2",2,"WCN",0.83921568627451,"WCN"
"3",3,"WCN",0.834313725490196,"WCN"
"4",4,"WCN",0.817836812144213,"WCN"
"5",5,"WCN",0.827450980392157,"WCN"
"6",6,"WCN",0.812380952380952,"WCN"
"7",7,"WCN",0.830170777988615,"WCN"
"8",8,"WCN",0.825426944971537,"WCN"
"9",9,"WCN",0.843453510436433,"WCN"
"10",10,"WCN",0.851043643263757,"WCN"
