"","num_dataset","AUC_Train.model.name","AUC_Train.AUC","Model_Type"
"1",1,"WCN",0.847248576850095,"WCN"
"2",2,"WCN",0.83111954459203,"WCN"
"3",3,"WCN",0.844402277039848,"WCN"
"4",4,"WCN",0.854838709677419,"WCN"
"5",5,"WCN",0.83778801843318,"WCN"
"6",6,"WCN",0.811428571428571,"WCN"
"7",7,"WCN",0.807400379506641,"WCN"
"8",8,"WCN",0.833333333333333,"WCN"
"9",9,"WCN",0.827450980392157,"WCN"
"10",10,"WCN",0.833333333333333,"WCN"
