"","num_dataset","AUC_Train.model.name","AUC_Train.AUC","Model_Type"
"1",1,"WCN",0.816666666666667,"WCN"
"2",2,"WCN",0.849769585253456,"WCN"
"3",3,"WCN",0.817836812144213,"WCN"
"4",4,"WCN",0.815939278937381,"WCN"
"5",5,"WCN",0.816888045540797,"WCN"
"6",6,"WCN",0.832352941176471,"WCN"
"7",7,"WCN",0.841555977229602,"WCN"
"8",8,"WCN",0.84819734345351,"WCN"
"9",9,"WCN",0.851960784313725,"WCN"
"10",10,"WCN",0.835238095238095,"WCN"
