"","num_dataset","AUC_Train.model.name","AUC_Train.AUC","Model_Type"
"1",1,"WCN",0.855787476280835,"WCN"
"2",2,"WCN",0.809297912713473,"WCN"
"3",3,"WCN",0.847058823529412,"WCN"
"4",4,"WCN",0.829222011385199,"WCN"
"5",5,"WCN",0.849769585253456,"WCN"
"6",6,"WCN",0.812745098039216,"WCN"
"7",7,"WCN",0.861751152073733,"WCN"
"8",8,"WCN",0.82156862745098,"WCN"
"9",9,"WCN",0.804901960784314,"WCN"
"10",10,"WCN",0.833965844402277,"WCN"
