"","num_dataset","AUC_Train.model.name","AUC_Train.AUC","Model_Type"
"1",1,"WCN",0.808571428571429,"WCN"
"2",2,"WCN",0.83111954459203,"WCN"
"3",3,"WCN",0.826375711574953,"WCN"
"4",4,"WCN",0.840196078431373,"WCN"
"5",5,"WCN",0.823529411764706,"WCN"
"6",6,"WCN",0.888235294117647,"WCN"
"7",7,"WCN",0.807843137254902,"WCN"
"8",8,"WCN",0.815939278937381,"WCN"
"9",9,"WCN",0.826728110599078,"WCN"
"10",10,"WCN",0.857685009487666,"WCN"
