"","num_dataset","AUC_Train.model.name","AUC_Train.AUC","Model_Type"
"1",1,"WCN",0.843137254901961,"WCN"
"2",2,"WCN",0.829222011385199,"WCN"
"3",3,"WCN",0.818785578747628,"WCN"
"4",4,"WCN",0.816888045540797,"WCN"
"5",5,"WCN",0.824761904761905,"WCN"
"6",6,"WCN",0.830414746543779,"WCN"
"7",7,"WCN",0.815939278937381,"WCN"
"8",8,"WCN",0.830392156862745,"WCN"
"9",9,"WCN",0.84819734345351,"WCN"
"10",10,"WCN",0.866666666666667,"WCN"
