"","num_dataset","AUC_Train.model.name","AUC_Train.AUC","Model_Type"
"1",1,"WCN",0.840196078431373,"WCN"
"2",2,"WCN",0.833017077798861,"WCN"
"3",3,"WCN",0.820276497695853,"WCN"
"4",4,"WCN",0.814705882352941,"WCN"
"5",5,"WCN",0.855787476280835,"WCN"
"6",6,"WCN",0.821198156682028,"WCN"
"7",7,"WCN",0.851960784313725,"WCN"
"8",8,"WCN",0.853889943074004,"WCN"
"9",9,"WCN",0.826375711574953,"WCN"
"10",10,"WCN",0.816666666666667,"WCN"
