"","num_dataset","AUC_Train.model.name","AUC_Train.AUC","Model_Type"
"1",1,"WCN",0.837142857142857,"WCN"
"2",2,"WCN",0.847619047619048,"WCN"
"3",3,"WCN",0.830392156862745,"WCN"
"4",4,"WCN",0.829222011385199,"WCN"
"5",5,"WCN",0.814990512333966,"WCN"
"6",6,"WCN",0.857685009487666,"WCN"
"7",7,"WCN",0.821631878557875,"WCN"
"8",8,"WCN",0.851992409867173,"WCN"
"9",9,"WCN",0.812144212523719,"WCN"
"10",10,"WCN",0.827450980392157,"WCN"
