"","num_dataset","AUC_Train.model.name","AUC_Train.AUC","Model_Type"
"1",1,"WCN",0.837142857142857,"WCN"
"2",2,"WCN",0.827324478178368,"WCN"
"3",3,"WCN",0.817647058823529,"WCN"
"4",4,"WCN",0.851043643263757,"WCN"
"5",5,"WCN",0.829222011385199,"WCN"
"6",6,"WCN",0.805882352941176,"WCN"
"7",7,"WCN",0.883301707779886,"WCN"
"8",8,"WCN",0.836274509803922,"WCN"
"9",9,"WCN",0.805529953917051,"WCN"
"10",10,"WCN",0.83111954459203,"WCN"
