"","num_dataset","AUC_Train.model.name","AUC_Train.AUC","Model_Type"
"1",1,"WCN",0.831336405529954,"WCN"
"2",2,"WCN",0.843453510436433,"WCN"
"3",3,"WCN",0.838235294117647,"WCN"
"4",4,"WCN",0.834914611005693,"WCN"
"5",5,"WCN",0.855882352941176,"WCN"
"6",6,"WCN",0.842156862745098,"WCN"
"7",7,"WCN",0.815686274509804,"WCN"
"8",8,"WCN",0.823529411764706,"WCN"
"9",9,"WCN",0.812903225806452,"WCN"
"10",10,"WCN",0.834914611005693,"WCN"
