"","num_dataset","AUC_Train.model.name","AUC_Train.AUC","Model_Type"
"1",1,"WCN",0.804554079696395,"WCN"
"2",2,"WCN",0.842396313364055,"WCN"
"3",3,"WCN",0.850980392156863,"WCN"
"4",4,"WCN",0.830170777988615,"WCN"
"5",5,"WCN",0.830414746543779,"WCN"
"6",6,"WCN",0.829411764705882,"WCN"
"7",7,"WCN",0.861480075901328,"WCN"
"8",8,"WCN",0.83111954459203,"WCN"
"9",9,"WCN",0.845098039215686,"WCN"
"10",10,"WCN",0.797058823529412,"WCN"
