"","num_dataset","AUC_Train.model.name","AUC_Train.AUC","Model_Type"
"1",1,"WCN",0.84147465437788,"WCN"
"2",2,"WCN",0.838235294117647,"WCN"
"3",3,"WCN",0.850094876660342,"WCN"
"4",4,"WCN",0.807843137254902,"WCN"
"5",5,"WCN",0.805529953917051,"WCN"
"6",6,"WCN",0.85673624288425,"WCN"
"7",7,"WCN",0.830170777988615,"WCN"
"8",8,"WCN",0.854838709677419,"WCN"
"9",9,"WCN",0.816666666666667,"WCN"
"10",10,"WCN",0.820588235294118,"WCN"
