"","num_dataset","AUC_Train.model.name","AUC_Train.AUC","Model_Type"
"1",1,"WCN",0.820276497695853,"WCN"
"2",2,"WCN",0.81404174573055,"WCN"
"3",3,"WCN",0.831428571428571,"WCN"
"4",4,"WCN",0.83111954459203,"WCN"
"5",5,"WCN",0.845351043643264,"WCN"
"6",6,"WCN",0.82156862745098,"WCN"
"7",7,"WCN",0.852941176470588,"WCN"
"8",8,"WCN",0.863377609108159,"WCN"
"9",9,"WCN",0.824509803921569,"WCN"
"10",10,"WCN",0.825490196078431,"WCN"
