"","num_dataset","AUC_Train.model.name","AUC_Train.AUC","Model_Type"
"1",1,"WCN",0.83921568627451,"WCN"
"2",2,"WCN",0.843453510436433,"WCN"
"3",3,"WCN",0.830170777988615,"WCN"
"4",4,"WCN",0.818785578747628,"WCN"
"5",5,"WCN",0.809216589861751,"WCN"
"6",6,"WCN",0.830170777988615,"WCN"
"7",7,"WCN",0.842156862745098,"WCN"
"8",8,"WCN",0.863377609108159,"WCN"
"9",9,"WCN",0.817142857142857,"WCN"
"10",10,"WCN",0.834313725490196,"WCN"
