"","num_dataset","AUC_Train.model.name","AUC_Train.AUC","Model_Type"
"1",1,"WCN",0.817647058823529,"WCN"
"2",2,"WCN",0.818785578747628,"WCN"
"3",3,"WCN",0.830170777988615,"WCN"
"4",4,"WCN",0.803921568627451,"WCN"
"5",5,"WCN",0.831372549019608,"WCN"
"6",6,"WCN",0.851612903225806,"WCN"
"7",7,"WCN",0.832258064516129,"WCN"
"8",8,"WCN",0.849146110056926,"WCN"
"9",9,"WCN",0.855787476280835,"WCN"
"10",10,"WCN",0.838235294117647,"WCN"
