"","num_dataset","AUC_Train.model.name","AUC_Train.AUC","Model_Type"
"1",1,"WCN",0.83921568627451,"WCN"
"2",2,"WCN",0.832258064516129,"WCN"
"3",3,"WCN",0.833017077798861,"WCN"
"4",4,"WCN",0.818433179723502,"WCN"
"5",5,"WCN",0.800980392156863,"WCN"
"6",6,"WCN",0.841176470588235,"WCN"
"7",7,"WCN",0.844402277039848,"WCN"
"8",8,"WCN",0.837760910815939,"WCN"
"9",9,"WCN",0.866223908918406,"WCN"
"10",10,"WCN",0.813725490196078,"WCN"
