"","num_dataset","AUC_Train.model.name","AUC_Train.AUC","Model_Type"
"1",1,"WCN",0.849019607843137,"WCN"
"2",2,"WCN",0.849146110056926,"WCN"
"3",3,"WCN",0.802941176470588,"WCN"
"4",4,"WCN",0.863377609108159,"WCN"
"5",5,"WCN",0.836866359447005,"WCN"
"6",6,"WCN",0.803605313092979,"WCN"
"7",7,"WCN",0.84952380952381,"WCN"
"8",8,"WCN",0.818627450980392,"WCN"
"9",9,"WCN",0.818785578747628,"WCN"
"10",10,"WCN",0.832068311195446,"WCN"
