"","num_dataset","AUC_Train.model.name","AUC_Train.AUC","Model_Type"
"1",1,"WCN",0.823809523809524,"WCN"
"2",2,"WCN",0.817836812144213,"WCN"
"3",3,"WCN",0.849146110056926,"WCN"
"4",4,"WCN",0.815686274509804,"WCN"
"5",5,"WCN",0.850094876660342,"WCN"
"6",6,"WCN",0.842857142857143,"WCN"
"7",7,"WCN",0.828273244781784,"WCN"
"8",8,"WCN",0.823529411764706,"WCN"
"9",9,"WCN",0.847248576850095,"WCN"
"10",10,"WCN",0.836274509803922,"WCN"
