"","num_dataset","AUC_Train.model.name","AUC_Train.AUC","Model_Type"
"1",1,"WCN",0.83921568627451,"WCN"
"2",2,"WCN",0.803921568627451,"WCN"
"3",3,"WCN",0.830392156862745,"WCN"
"4",4,"WCN",0.813092979127135,"WCN"
"5",5,"WCN",0.824478178368121,"WCN"
"6",6,"WCN",0.874762808349146,"WCN"
"7",7,"WCN",0.859803921568628,"WCN"
"8",8,"WCN",0.825806451612903,"WCN"
"9",9,"WCN",0.840552995391705,"WCN"
"10",10,"WCN",0.810246679316888,"WCN"
