"","num_dataset","AUC_Train.model.name","AUC_Train.AUC","Model_Type"
"1",1,"WCN",0.847248576850095,"WCN"
"2",2,"WCN",0.847926267281106,"WCN"
"3",3,"WCN",0.844402277039848,"WCN"
"4",4,"WCN",0.835294117647059,"WCN"
"5",5,"WCN",0.830392156862745,"WCN"
"6",6,"WCN",0.854838709677419,"WCN"
"7",7,"WCN",0.818785578747628,"WCN"
"8",8,"WCN",0.810246679316888,"WCN"
"9",9,"WCN",0.823809523809524,"WCN"
"10",10,"WCN",0.816666666666667,"WCN"
