"","num_dataset","AUC_Train.model.name","AUC_Train.AUC","Model_Type"
"1",1,"WCN",0.816888045540797,"WCN"
"2",2,"WCN",0.862857142857143,"WCN"
"3",3,"WCN",0.833017077798861,"WCN"
"4",4,"WCN",0.845098039215686,"WCN"
"5",5,"WCN",0.846082949308756,"WCN"
"6",6,"WCN",0.815939278937381,"WCN"
"7",7,"WCN",0.805882352941176,"WCN"
"8",8,"WCN",0.817836812144213,"WCN"
"9",9,"WCN",0.83111954459203,"WCN"
"10",10,"WCN",0.854901960784314,"WCN"
