"","num_dataset","AUC_Train.model.name","AUC_Train.AUC","Model_Type"
"1",1,"WCN",0.843453510436433,"WCN"
"2",2,"WCN",0.858633776091082,"WCN"
"3",3,"WCN",0.82258064516129,"WCN"
"4",4,"WCN",0.847248576850095,"WCN"
"5",5,"WCN",0.836274509803922,"WCN"
"6",6,"WCN",0.833333333333333,"WCN"
"7",7,"WCN",0.824478178368121,"WCN"
"8",8,"WCN",0.811195445920304,"WCN"
"9",9,"WCN",0.835238095238095,"WCN"
"10",10,"WCN",0.813333333333333,"WCN"
