"","num_dataset","AUC_Train.model.name","AUC_Train.AUC","Model_Type"
"1",1,"WCN",0.876470588235294,"WCN"
"2",2,"WCN",0.835863377609108,"WCN"
"3",3,"WCN",0.812380952380952,"WCN"
"4",4,"WCN",0.827324478178368,"WCN"
"5",5,"WCN",0.864326375711575,"WCN"
"6",6,"WCN",0.830170777988615,"WCN"
"7",7,"WCN",0.813725490196078,"WCN"
"8",8,"WCN",0.822857142857143,"WCN"
"9",9,"WCN",0.817836812144213,"WCN"
"10",10,"WCN",0.826375711574953,"WCN"
