"","num_dataset","AUC_Train.model.name","AUC_Train.AUC","Model_Type"
"1",1,"WCN",0.83111954459203,"WCN"
"2",2,"WCN",0.814705882352941,"WCN"
"3",3,"WCN",0.83921568627451,"WCN"
"4",4,"WCN",0.83963133640553,"WCN"
"5",5,"WCN",0.83111954459203,"WCN"
"6",6,"WCN",0.838709677419355,"WCN"
"7",7,"WCN",0.85,"WCN"
"8",8,"WCN",0.827649769585253,"WCN"
"9",9,"WCN",0.815939278937381,"WCN"
"10",10,"WCN",0.841176470588235,"WCN"
