"","num_dataset","AUC_Train.model.name","AUC_Train.AUC","Model_Type"
"1",1,"WCN",0.822549019607843,"WCN"
"2",2,"WCN",0.797912713472486,"WCN"
"3",3,"WCN",0.841555977229602,"WCN"
"4",4,"WCN",0.831336405529954,"WCN"
"5",5,"WCN",0.811764705882353,"WCN"
"6",6,"WCN",0.820588235294118,"WCN"
"7",7,"WCN",0.885199240986717,"WCN"
"8",8,"WCN",0.841176470588235,"WCN"
"9",9,"WCN",0.831336405529954,"WCN"
"10",10,"WCN",0.842504743833017,"WCN"
