"","num_dataset","AUC_Train.model.name","AUC_Train.AUC","Model_Type"
"1",1,"WCN",0.810246679316888,"WCN"
"2",2,"WCN",0.82156862745098,"WCN"
"3",3,"WCN",0.891176470588235,"WCN"
"4",4,"WCN",0.825806451612903,"WCN"
"5",5,"WCN",0.843137254901961,"WCN"
"6",6,"WCN",0.833965844402277,"WCN"
"7",7,"WCN",0.808349146110057,"WCN"
"8",8,"WCN",0.826470588235294,"WCN"
"9",9,"WCN",0.858633776091082,"WCN"
"10",10,"WCN",0.810138248847926,"WCN"
