"","num_dataset","AUC_Train.model.name","AUC_Train.AUC","Model_Type"
"1",1,"WCN",0.833017077798861,"WCN"
"2",2,"WCN",0.813092979127135,"WCN"
"3",3,"WCN",0.819354838709677,"WCN"
"4",4,"WCN",0.815686274509804,"WCN"
"5",5,"WCN",0.838709677419355,"WCN"
"6",6,"WCN",0.835238095238095,"WCN"
"7",7,"WCN",0.827324478178368,"WCN"
"8",8,"WCN",0.855882352941176,"WCN"
"9",9,"WCN",0.855787476280835,"WCN"
"10",10,"WCN",0.837254901960784,"WCN"
