"","num_dataset","AUC_Train.model.name","AUC_Train.AUC","Model_Type"
"1",1,"WCN",0.850980392156863,"WCN"
"2",2,"WCN",0.833017077798861,"WCN"
"3",3,"WCN",0.835238095238095,"WCN"
"4",4,"WCN",0.84331797235023,"WCN"
"5",5,"WCN",0.81404174573055,"WCN"
"6",6,"WCN",0.832068311195446,"WCN"
"7",7,"WCN",0.837254901960784,"WCN"
"8",8,"WCN",0.824509803921569,"WCN"
"9",9,"WCN",0.833965844402277,"WCN"
"10",10,"WCN",0.827324478178368,"WCN"
