"","num_dataset","AUC_Train.model.name","AUC_Train.AUC","Model_Type"
"1",1,"WCN",0.844402277039848,"WCN"
"2",2,"WCN",0.860952380952381,"WCN"
"3",3,"WCN",0.801707779886148,"WCN"
"4",4,"WCN",0.85,"WCN"
"5",5,"WCN",0.814990512333966,"WCN"
"6",6,"WCN",0.822549019607843,"WCN"
"7",7,"WCN",0.835944700460829,"WCN"
"8",8,"WCN",0.830170777988615,"WCN"
"9",9,"WCN",0.853921568627451,"WCN"
"10",10,"WCN",0.813092979127135,"WCN"
