"","num_dataset","AUC_Train.model.name","AUC_Train.AUC","Model_Type"
"1",1,"WCN",0.836866359447005,"WCN"
"2",2,"WCN",0.845351043643264,"WCN"
"3",3,"WCN",0.846299810246679,"WCN"
"4",4,"WCN",0.842504743833017,"WCN"
"5",5,"WCN",0.811195445920304,"WCN"
"6",6,"WCN",0.818785578747628,"WCN"
"7",7,"WCN",0.845098039215686,"WCN"
"8",8,"WCN",0.818627450980392,"WCN"
"9",9,"WCN",0.856190476190476,"WCN"
"10",10,"WCN",0.805882352941176,"WCN"
