"","num_dataset","AUC_Train.model.name","AUC_Train.AUC","Model_Type"
"1",1,"WCN",0.859803921568627,"WCN"
"2",2,"WCN",0.836190476190476,"WCN"
"3",3,"WCN",0.842396313364055,"WCN"
"4",4,"WCN",0.833965844402277,"WCN"
"5",5,"WCN",0.805882352941176,"WCN"
"6",6,"WCN",0.804901960784314,"WCN"
"7",7,"WCN",0.849146110056926,"WCN"
"8",8,"WCN",0.824478178368121,"WCN"
"9",9,"WCN",0.833965844402277,"WCN"
"10",10,"WCN",0.833017077798861,"WCN"
