"","num_dataset","AUC_Train.model.name","AUC_Train.AUC","Model_Type"
"1",1,"WCN",0.830414746543779,"WCN"
"2",2,"WCN",0.82843137254902,"WCN"
"3",3,"WCN",0.83921568627451,"WCN"
"4",4,"WCN",0.851992409867173,"WCN"
"5",5,"WCN",0.82156862745098,"WCN"
"6",6,"WCN",0.864326375711575,"WCN"
"7",7,"WCN",0.804608294930876,"WCN"
"8",8,"WCN",0.830170777988615,"WCN"
"9",9,"WCN",0.82843137254902,"WCN"
"10",10,"WCN",0.829222011385199,"WCN"
