"","num_dataset","AUC_Train.model.name","AUC_Train.AUC","Model_Type"
"1",1,"WCN",0.82156862745098,"WCN"
"2",2,"WCN",0.828571428571429,"WCN"
"3",3,"WCN",0.821631878557875,"WCN"
"4",4,"WCN",0.859047619047619,"WCN"
"5",5,"WCN",0.832068311195446,"WCN"
"6",6,"WCN",0.822549019607843,"WCN"
"7",7,"WCN",0.830170777988615,"WCN"
"8",8,"WCN",0.840607210626186,"WCN"
"9",9,"WCN",0.826375711574953,"WCN"
"10",10,"WCN",0.853921568627451,"WCN"
