"","num_dataset","AUC_Train.model.name","AUC_Train.AUC","Model_Type"
"1",1,"WCN",0.838235294117647,"WCN"
"2",2,"WCN",0.833333333333333,"WCN"
"3",3,"WCN",0.818627450980392,"WCN"
"4",4,"WCN",0.81404174573055,"WCN"
"5",5,"WCN",0.819734345351044,"WCN"
"6",6,"WCN",0.812745098039216,"WCN"
"7",7,"WCN",0.833179723502304,"WCN"
"8",8,"WCN",0.859582542694497,"WCN"
"9",9,"WCN",0.863377609108159,"WCN"
"10",10,"WCN",0.830414746543779,"WCN"
