"","num_dataset","AUC_Train.model.name","AUC_Train.AUC","Model_Type"
"1",1,"WCN",0.84147465437788,"WCN"
"2",2,"WCN",0.823529411764706,"WCN"
"3",3,"WCN",0.811764705882353,"WCN"
"4",4,"WCN",0.844402277039848,"WCN"
"5",5,"WCN",0.841555977229602,"WCN"
"6",6,"WCN",0.828571428571429,"WCN"
"7",7,"WCN",0.82258064516129,"WCN"
"8",8,"WCN",0.822549019607843,"WCN"
"9",9,"WCN",0.866666666666667,"WCN"
"10",10,"WCN",0.82258064516129,"WCN"
