"","num_dataset","AUC","Model_Type"
"1",1,0.859803921568628,"Mean_Score"
"2",2,0.813092979127135,"Mean_Score"
"3",3,0.843453510436433,"Mean_Score"
"4",4,0.85047619047619,"Mean_Score"
"5",5,0.809297912713473,"Mean_Score"
"6",6,0.806451612903226,"Mean_Score"
"7",7,0.826470588235294,"Mean_Score"
"8",8,0.83778801843318,"Mean_Score"
"9",9,0.835863377609108,"Mean_Score"
"10",10,0.815686274509804,"Mean_Score"
