"","num_dataset","AUC","Model_Type"
"1",1,0.852941176470588,"Mean_Score"
"2",2,0.79696394686907,"Mean_Score"
"3",3,0.807619047619048,"Mean_Score"
"4",4,0.844402277039848,"Mean_Score"
"5",5,0.818627450980392,"Mean_Score"
"6",6,0.818785578747628,"Mean_Score"
"7",7,0.858095238095238,"Mean_Score"
"8",8,0.834914611005693,"Mean_Score"
"9",9,0.83965844402277,"Mean_Score"
"10",10,0.823529411764706,"Mean_Score"
