"","num_dataset","AUC","Model_Type"
"1",1,0.815939278937381,"Mean_Score"
"2",2,0.838235294117647,"Mean_Score"
"3",3,0.83921568627451,"Mean_Score"
"4",4,0.86527514231499,"Mean_Score"
"5",5,0.83778801843318,"Mean_Score"
"6",6,0.82843137254902,"Mean_Score"
"7",7,0.820683111954459,"Mean_Score"
"8",8,0.84819734345351,"Mean_Score"
"9",9,0.817836812144213,"Mean_Score"
"10",10,0.807619047619048,"Mean_Score"
