"","num_dataset","AUC","Model_Type"
"1",1,0.796078431372549,"Mean_Score"
"2",2,0.852380952380952,"Mean_Score"
"3",3,0.859582542694497,"Mean_Score"
"4",4,0.833965844402277,"Mean_Score"
"5",5,0.854901960784314,"Mean_Score"
"6",6,0.823963133640553,"Mean_Score"
"7",7,0.83111954459203,"Mean_Score"
"8",8,0.83965844402277,"Mean_Score"
"9",9,0.80550284629981,"Mean_Score"
"10",10,0.805882352941176,"Mean_Score"
