"","num_dataset","AUC","Model_Type"
"1",1,0.844402277039848,"Mean_Score"
"2",2,0.832068311195446,"Mean_Score"
"3",3,0.82156862745098,"Mean_Score"
"4",4,0.817647058823529,"Mean_Score"
"5",5,0.824509803921569,"Mean_Score"
"6",6,0.884250474383302,"Mean_Score"
"7",7,0.823809523809524,"Mean_Score"
"8",8,0.812903225806452,"Mean_Score"
"9",9,0.824478178368121,"Mean_Score"
"10",10,0.825426944971537,"Mean_Score"
