"","num_dataset","AUC","Model_Type"
"1",1,0.823529411764706,"Mean_Score"
"2",2,0.82258064516129,"Mean_Score"
"3",3,0.821198156682028,"Mean_Score"
"4",4,0.819607843137255,"Mean_Score"
"5",5,0.817142857142857,"Mean_Score"
"6",6,0.841176470588235,"Mean_Score"
"7",7,0.833965844402277,"Mean_Score"
"8",8,0.838235294117647,"Mean_Score"
"9",9,0.830170777988615,"Mean_Score"
"10",10,0.840607210626186,"Mean_Score"
