"","num_dataset","AUC","Model_Type"
"1",1,0.823529411764706,"Mean_Score"
"2",2,0.833333333333333,"Mean_Score"
"3",3,0.843453510436433,"Mean_Score"
"4",4,0.81078431372549,"Mean_Score"
"5",5,0.815939278937381,"Mean_Score"
"6",6,0.83778801843318,"Mean_Score"
"7",7,0.845351043643264,"Mean_Score"
"8",8,0.83111954459203,"Mean_Score"
"9",9,0.832352941176471,"Mean_Score"
"10",10,0.836274509803922,"Mean_Score"
