"","num_dataset","AUC","Model_Type"
"1",1,0.820683111954459,"Mean_Score"
"2",2,0.817836812144213,"Mean_Score"
"3",3,0.840552995391705,"Mean_Score"
"4",4,0.81078431372549,"Mean_Score"
"5",5,0.830170777988615,"Mean_Score"
"6",6,0.895098039215686,"Mean_Score"
"7",7,0.827450980392157,"Mean_Score"
"8",8,0.781783681214421,"Mean_Score"
"9",9,0.817511520737327,"Mean_Score"
"10",10,0.840196078431373,"Mean_Score"
