"","num_dataset","AUC","Model_Type"
"1",1,0.799019607843137,"Mean_Score"
"2",2,0.843453510436433,"Mean_Score"
"3",3,0.834914611005693,"Mean_Score"
"4",4,0.838709677419355,"Mean_Score"
"5",5,0.825426944971537,"Mean_Score"
"6",6,0.849146110056926,"Mean_Score"
"7",7,0.843453510436433,"Mean_Score"
"8",8,0.798039215686275,"Mean_Score"
"9",9,0.845714285714286,"Mean_Score"
"10",10,0.839047619047619,"Mean_Score"
