"","num_dataset","AUC","Model_Type"
"1",1,0.878557874762808,"Mean_Score"
"2",2,0.84819734345351,"Mean_Score"
"3",3,0.80952380952381,"Mean_Score"
"4",4,0.837254901960784,"Mean_Score"
"5",5,0.83111954459203,"Mean_Score"
"6",6,0.803605313092979,"Mean_Score"
"7",7,0.841176470588235,"Mean_Score"
"8",8,0.824509803921569,"Mean_Score"
"9",9,0.826728110599078,"Mean_Score"
"10",10,0.806451612903226,"Mean_Score"
