"","num_dataset","AUC","Model_Type"
"1",1,0.842857142857143,"Mean_Score"
"2",2,0.83921568627451,"Mean_Score"
"3",3,0.866223908918406,"Mean_Score"
"4",4,0.842504743833017,"Mean_Score"
"5",5,0.826470588235294,"Mean_Score"
"6",6,0.82156862745098,"Mean_Score"
"7",7,0.846082949308756,"Mean_Score"
"8",8,0.817836812144213,"Mean_Score"
"9",9,0.823529411764706,"Mean_Score"
"10",10,0.809297912713473,"Mean_Score"
