"","num_dataset","AUC","Model_Type"
"1",1,0.834914611005693,"Mean_Score"
"2",2,0.835294117647059,"Mean_Score"
"3",3,0.833333333333333,"Mean_Score"
"4",4,0.813824884792627,"Mean_Score"
"5",5,0.811764705882353,"Mean_Score"
"6",6,0.822119815668203,"Mean_Score"
"7",7,0.818785578747628,"Mean_Score"
"8",8,0.811195445920304,"Mean_Score"
"9",9,0.859582542694497,"Mean_Score"
"10",10,0.841176470588235,"Mean_Score"
