"","num_dataset","AUC","Model_Type"
"1",1,0.930740037950664,"RSA_WCN_SS"
"2",2,0.906666666666667,"RSA_WCN_SS"
"3",3,0.914705882352941,"RSA_WCN_SS"
"4",4,0.922201138519924,"RSA_WCN_SS"
"5",5,0.920303605313093,"RSA_WCN_SS"
"6",6,0.912713472485769,"RSA_WCN_SS"
"7",7,0.932718894009217,"RSA_WCN_SS"
"8",8,0.934313725490196,"RSA_WCN_SS"
"9",9,0.926470588235294,"RSA_WCN_SS"
"10",10,0.909867172675522,"RSA_WCN_SS"
