"","num_dataset","AUC","Model_Type"
"1",1,0.764761904761905,"RSA"
"2",2,0.744781783681214,"RSA"
"3",3,0.78842504743833,"RSA"
"4",4,0.740196078431373,"RSA"
"5",5,0.747628083491461,"RSA"
"6",6,0.758064516129032,"RSA"
"7",7,0.741176470588235,"RSA"
"8",8,0.747628083491461,"RSA"
"9",9,0.746666666666667,"RSA"
"10",10,0.747628083491461,"RSA"
