"","num_dataset","AUC","Model_Type"
"1",1,0.901904761904762,"RSA_WCN"
"2",2,0.897142857142857,"RSA_WCN"
"3",3,0.907843137254902,"RSA_WCN"
"4",4,0.9,"RSA_WCN"
"5",5,0.929791271347249,"RSA_WCN"
"6",6,0.895635673624288,"RSA_WCN"
"7",7,0.92314990512334,"RSA_WCN"
"8",8,0.928842504743833,"RSA_WCN"
"9",9,0.894686907020873,"RSA_WCN"
"10",10,0.893738140417457,"RSA_WCN"
