"","num_dataset","AUC","Model_Type"
"1",1,0.83047619047619,"RSA_SS"
"2",2,0.816888045540797,"RSA_SS"
"3",3,0.817836812144213,"RSA_SS"
"4",4,0.796078431372549,"RSA_SS"
"5",5,0.802656546489564,"RSA_SS"
"6",6,0.843137254901961,"RSA_SS"
"7",7,0.867647058823529,"RSA_SS"
"8",8,0.813092979127135,"RSA_SS"
"9",9,0.82258064516129,"RSA_SS"
"10",10,0.835944700460829,"RSA_SS"
