"","num_dataset","AUC","Model_Type"
"1",1,0.949019607843137,"RSA_WCN_SS"
"2",2,0.929411764705882,"RSA_WCN_SS"
"3",3,0.92314990512334,"RSA_WCN_SS"
"4",4,0.910815939278937,"RSA_WCN_SS"
"5",5,0.909677419354839,"RSA_WCN_SS"
"6",6,0.92843137254902,"RSA_WCN_SS"
"7",7,0.912442396313364,"RSA_WCN_SS"
"8",8,0.9146110056926,"RSA_WCN_SS"
"9",9,0.913725490196078,"RSA_WCN_SS"
"10",10,0.929791271347249,"RSA_WCN_SS"
