"","num_dataset","AUC","Model_Type"
"1",1,0.927450980392157,"RSA_WCN_SS"
"2",2,0.902304147465438,"RSA_WCN_SS"
"3",3,0.924098671726755,"RSA_WCN_SS"
"4",4,0.936432637571157,"RSA_WCN_SS"
"5",5,0.919815668202765,"RSA_WCN_SS"
"6",6,0.927450980392157,"RSA_WCN_SS"
"7",7,0.926944971537002,"RSA_WCN_SS"
"8",8,0.933586337760911,"RSA_WCN_SS"
"9",9,0.917647058823529,"RSA_WCN_SS"
"10",10,0.915686274509804,"RSA_WCN_SS"
