"","num_dataset","AUC","Model_Type"
"1",1,0.848847926267281,"RSA_SS"
"2",2,0.893137254901961,"RSA_SS"
"3",3,0.836812144212524,"RSA_SS"
"4",4,0.836274509803922,"RSA_SS"
"5",5,0.80550284629981,"RSA_SS"
"6",6,0.807843137254902,"RSA_SS"
"7",7,0.840607210626186,"RSA_SS"
"8",8,0.802656546489564,"RSA_SS"
"9",9,0.832068311195446,"RSA_SS"
"10",10,0.796190476190476,"RSA_SS"
