"","num_dataset","AUC","Model_Type"
"1",1,0.912713472485769,"RSA_WCN"
"2",2,0.920588235294118,"RSA_WCN"
"3",3,0.924098671726755,"RSA_WCN"
"4",4,0.904147465437788,"RSA_WCN"
"5",5,0.898481973434535,"RSA_WCN"
"6",6,0.923529411764706,"RSA_WCN"
"7",7,0.902277039848197,"RSA_WCN"
"8",8,0.87843137254902,"RSA_WCN"
"9",9,0.920588235294118,"RSA_WCN"
"10",10,0.894009216589862,"RSA_WCN"
