"","num_dataset","AUC","Model_Type"
"1",1,0.88045540796964,"RSA_Mean_Score"
"2",2,0.884792626728111,"RSA_Mean_Score"
"3",3,0.885199240986717,"RSA_Mean_Score"
"4",4,0.86078431372549,"RSA_Mean_Score"
"5",5,0.882352941176471,"RSA_Mean_Score"
"6",6,0.887096774193548,"RSA_Mean_Score"
"7",7,0.881372549019608,"RSA_Mean_Score"
"8",8,0.891176470588235,"RSA_Mean_Score"
"9",9,0.870046082949309,"RSA_Mean_Score"
"10",10,0.867172675521822,"RSA_Mean_Score"
