"","num_dataset","AUC","Model_Type"
"1",1,0.869607843137255,"RSA_Mean_Score"
"2",2,0.897533206831119,"RSA_Mean_Score"
"3",3,0.866666666666667,"RSA_Mean_Score"
"4",4,0.894117647058824,"RSA_Mean_Score"
"5",5,0.88110599078341,"RSA_Mean_Score"
"6",6,0.881404174573055,"RSA_Mean_Score"
"7",7,0.862672811059908,"RSA_Mean_Score"
"8",8,0.860531309297913,"RSA_Mean_Score"
"9",9,0.888235294117647,"RSA_Mean_Score"
"10",10,0.867172675521822,"RSA_Mean_Score"
