"","num_dataset","AUC","Model_Type"
"1",1,0.927893738140417,"RSA_WCN_SS"
"2",2,0.929791271347249,"RSA_WCN_SS"
"3",3,0.917457305502846,"RSA_WCN_SS"
"4",4,0.924509803921569,"RSA_WCN_SS"
"5",5,0.912745098039216,"RSA_WCN_SS"
"6",6,0.937142857142857,"RSA_WCN_SS"
"7",7,0.923502304147465,"RSA_WCN_SS"
"8",8,0.916508538899431,"RSA_WCN_SS"
"9",9,0.930740037950664,"RSA_WCN_SS"
"10",10,0.904901960784314,"RSA_WCN_SS"
