"","num_dataset","AUC","Model_Type"
"1",1,0.9146110056926,"RSA_WCN"
"2",2,0.918406072106262,"RSA_WCN"
"3",3,0.916508538899431,"RSA_WCN"
"4",4,0.894285714285714,"RSA_WCN"
"5",5,0.94,"RSA_WCN"
"6",6,0.908918406072106,"RSA_WCN"
"7",7,0.890196078431373,"RSA_WCN"
"8",8,0.894686907020873,"RSA_WCN"
"9",9,0.913725490196078,"RSA_WCN"
"10",10,0.903225806451613,"RSA_WCN"
