"","num_dataset","AUC","Model_Type"
"1",1,0.935483870967742,"RSA_WCN_SS"
"2",2,0.907843137254902,"RSA_WCN_SS"
"3",3,0.920952380952381,"RSA_WCN_SS"
"4",4,0.911764705882353,"RSA_WCN_SS"
"5",5,0.919607843137255,"RSA_WCN_SS"
"6",6,0.917457305502846,"RSA_WCN_SS"
"7",7,0.944022770398482,"RSA_WCN_SS"
"8",8,0.918406072106262,"RSA_WCN_SS"
"9",9,0.916508538899431,"RSA_WCN_SS"
"10",10,0.934562211981567,"RSA_WCN_SS"
