"","num_dataset","AUC","Model_Type"
"1",1,0.722011385199241,"RSA"
"2",2,0.790196078431373,"RSA"
"3",3,0.751423149905123,"RSA"
"4",4,0.741904761904762,"RSA"
"5",5,0.736242884250474,"RSA"
"6",6,0.744700460829493,"RSA"
"7",7,0.736274509803922,"RSA"
"8",8,0.776091081593928,"RSA"
"9",9,0.784313725490196,"RSA"
"10",10,0.740037950664137,"RSA"
