"","num_dataset","AUC","Model_Type"
"1",1,0.827324478178368,"RSA_SS"
"2",2,0.819607843137255,"RSA_SS"
"3",3,0.856221198156682,"RSA_SS"
"4",4,0.815939278937381,"RSA_SS"
"5",5,0.819734345351044,"RSA_SS"
"6",6,0.836274509803922,"RSA_SS"
"7",7,0.832258064516129,"RSA_SS"
"8",8,0.811195445920304,"RSA_SS"
"9",9,0.846078431372549,"RSA_SS"
"10",10,0.836274509803922,"RSA_SS"
