"","num_dataset","AUC","Model_Type"
"1",1,0.909867172675522,"RSA_WCN"
"2",2,0.907020872865275,"RSA_WCN"
"3",3,0.933586337760911,"RSA_WCN"
"4",4,0.902941176470588,"RSA_WCN"
"5",5,0.893137254901961,"RSA_WCN"
"6",6,0.902277039848197,"RSA_WCN"
"7",7,0.915559772296015,"RSA_WCN"
"8",8,0.905990783410138,"RSA_WCN"
"9",9,0.894117647058824,"RSA_WCN"
"10",10,0.927619047619048,"RSA_WCN"
