"","num_dataset","AUC","Model_Type"
"1",1,0.818785578747628,"RSA_SS"
"2",2,0.821198156682028,"RSA_SS"
"3",3,0.840607210626186,"RSA_SS"
"4",4,0.811764705882353,"RSA_SS"
"5",5,0.843137254901961,"RSA_SS"
"6",6,0.845351043643264,"RSA_SS"
"7",7,0.795098039215686,"RSA_SS"
"8",8,0.824478178368121,"RSA_SS"
"9",9,0.804554079696395,"RSA_SS"
"10",10,0.839047619047619,"RSA_SS"
