"","num_dataset","AUC","Model_Type"
"1",1,0.900460829493088,"RSA_WCN"
"2",2,0.946078431372549,"RSA_WCN"
"3",3,0.881372549019608,"RSA_WCN"
"4",4,0.904174573055028,"RSA_WCN"
"5",5,0.898481973434535,"RSA_WCN"
"6",6,0.900980392156863,"RSA_WCN"
"7",7,0.924098671726755,"RSA_WCN"
"8",8,0.895635673624288,"RSA_WCN"
"9",9,0.912745098039216,"RSA_WCN"
"10",10,0.912442396313364,"RSA_WCN"
