"","num_dataset","AUC","Model_Type"
"1",1,0.925047438330171,"RSA_WCN_SS"
"2",2,0.91047619047619,"RSA_WCN_SS"
"3",3,0.927893738140417,"RSA_WCN_SS"
"4",4,0.939278937381404,"RSA_WCN_SS"
"5",5,0.920588235294118,"RSA_WCN_SS"
"6",6,0.904147465437788,"RSA_WCN_SS"
"7",7,0.901960784313726,"RSA_WCN_SS"
"8",8,0.935483870967742,"RSA_WCN_SS"
"9",9,0.925047438330171,"RSA_WCN_SS"
"10",10,0.931372549019608,"RSA_WCN_SS"
