"","num_dataset","AUC","Model_Type"
"1",1,0.904174573055028,"RSA_WCN"
"2",2,0.93168880455408,"RSA_WCN"
"3",3,0.916666666666667,"RSA_WCN"
"4",4,0.912442396313364,"RSA_WCN"
"5",5,0.87156862745098,"RSA_WCN"
"6",6,0.908823529411765,"RSA_WCN"
"7",7,0.900379506641366,"RSA_WCN"
"8",8,0.925490196078431,"RSA_WCN"
"9",9,0.900460829493088,"RSA_WCN"
"10",10,0.917457305502846,"RSA_WCN"
