"","num_dataset","AUC","Model_Type"
"1",1,0.926470588235294,"RSA_WCN"
"2",2,0.896584440227704,"RSA_WCN"
"3",3,0.915686274509804,"RSA_WCN"
"4",4,0.892789373814042,"RSA_WCN"
"5",5,0.933333333333333,"RSA_WCN"
"6",6,0.90607210626186,"RSA_WCN"
"7",7,0.894930875576037,"RSA_WCN"
"8",8,0.900980392156863,"RSA_WCN"
"9",9,0.924423963133641,"RSA_WCN"
"10",10,0.892789373814042,"RSA_WCN"
