"","num_dataset","AUC","Model_Type"
"1",1,0.743833017077799,"RSA"
"2",2,0.722011385199241,"RSA"
"3",3,0.78921568627451,"RSA"
"4",4,0.682352941176471,"RSA"
"5",5,0.772296015180266,"RSA"
"6",6,0.744761904761905,"RSA"
"7",7,0.749019607843137,"RSA"
"8",8,0.750230414746544,"RSA"
"9",9,0.760910815939279,"RSA"
"10",10,0.776091081593928,"RSA"
