"","num_dataset","AUC","Model_Type"
"1",1,0.934313725490196,"RSA_WCN_SS"
"2",2,0.920588235294118,"RSA_WCN_SS"
"3",3,0.916508538899431,"RSA_WCN_SS"
"4",4,0.930740037950664,"RSA_WCN_SS"
"5",5,0.931372549019608,"RSA_WCN_SS"
"6",6,0.919354838709677,"RSA_WCN_SS"
"7",7,0.900952380952381,"RSA_WCN_SS"
"8",8,0.935483870967742,"RSA_WCN_SS"
"9",9,0.9146110056926,"RSA_WCN_SS"
"10",10,0.91889400921659,"RSA_WCN_SS"
