"","num_dataset","AUC","Model_Type"
"1",1,0.919354838709677,"RSA_WCN_SS"
"2",2,0.937381404174573,"RSA_WCN_SS"
"3",3,0.931797235023041,"RSA_WCN_SS"
"4",4,0.909867172675522,"RSA_WCN_SS"
"5",5,0.936274509803922,"RSA_WCN_SS"
"6",6,0.909803921568627,"RSA_WCN_SS"
"7",7,0.9146110056926,"RSA_WCN_SS"
"8",8,0.919815668202765,"RSA_WCN_SS"
"9",9,0.914705882352941,"RSA_WCN_SS"
"10",10,0.909803921568627,"RSA_WCN_SS"
