"","num_dataset","AUC","Model_Type"
"1",1,0.761859582542694,"RSA"
"2",2,0.725806451612903,"RSA"
"3",3,0.768571428571429,"RSA"
"4",4,0.732718894009217,"RSA"
"5",5,0.759962049335863,"RSA"
"6",6,0.737254901960784,"RSA"
"7",7,0.738140417457306,"RSA"
"8",8,0.765686274509804,"RSA"
"9",9,0.774193548387097,"RSA"
"10",10,0.724509803921569,"RSA"
