"","num_dataset","AUC","Model_Type"
"1",1,0.863377609108159,"RSA_Mean_Score"
"2",2,0.890891840607211,"RSA_Mean_Score"
"3",3,0.859803921568628,"RSA_Mean_Score"
"4",4,0.887096774193548,"RSA_Mean_Score"
"5",5,0.878557874762808,"RSA_Mean_Score"
"6",6,0.870046082949309,"RSA_Mean_Score"
"7",7,0.883333333333333,"RSA_Mean_Score"
"8",8,0.872549019607843,"RSA_Mean_Score"
"9",9,0.900980392156863,"RSA_Mean_Score"
"10",10,0.859907834101382,"RSA_Mean_Score"
