"","num_dataset","AUC","Model_Type"
"1",1,0.804608294930876,"RSA_SS"
"2",2,0.82156862745098,"RSA_SS"
"3",3,0.855787476280835,"RSA_SS"
"4",4,0.83047619047619,"RSA_SS"
"5",5,0.804901960784314,"RSA_SS"
"6",6,0.804554079696395,"RSA_SS"
"7",7,0.808823529411765,"RSA_SS"
"8",8,0.823529411764706,"RSA_SS"
"9",9,0.843453510436433,"RSA_SS"
"10",10,0.828273244781784,"RSA_SS"
