"","num_dataset","AUC","Model_Type"
"1",1,0.917972350230415,"RSA_WCN_SS"
"2",2,0.924509803921569,"RSA_WCN_SS"
"3",3,0.925490196078431,"RSA_WCN_SS"
"4",4,0.933586337760911,"RSA_WCN_SS"
"5",5,0.929032258064516,"RSA_WCN_SS"
"6",6,0.926944971537002,"RSA_WCN_SS"
"7",7,0.929411764705882,"RSA_WCN_SS"
"8",8,0.921252371916509,"RSA_WCN_SS"
"9",9,0.900379506641366,"RSA_WCN_SS"
"10",10,0.91078431372549,"RSA_WCN_SS"
