"","num_dataset","AUC","Model_Type"
"1",1,0.84331797235023,"RSA_SS"
"2",2,0.84331797235023,"RSA_SS"
"3",3,0.814705882352941,"RSA_SS"
"4",4,0.815939278937381,"RSA_SS"
"5",5,0.822549019607843,"RSA_SS"
"6",6,0.828273244781784,"RSA_SS"
"7",7,0.824509803921569,"RSA_SS"
"8",8,0.850094876660342,"RSA_SS"
"9",9,0.81078431372549,"RSA_SS"
"10",10,0.816888045540797,"RSA_SS"
