"","num_dataset","AUC","Model_Type"
"1",1,0.833965844402277,"RSA_SS"
"2",2,0.846299810246679,"RSA_SS"
"3",3,0.801960784313726,"RSA_SS"
"4",4,0.827649769585253,"RSA_SS"
"5",5,0.794117647058823,"RSA_SS"
"6",6,0.82156862745098,"RSA_SS"
"7",7,0.834313725490196,"RSA_SS"
"8",8,0.848039215686274,"RSA_SS"
"9",9,0.814990512333966,"RSA_SS"
"10",10,0.835023041474654,"RSA_SS"
