"","num_dataset","AUC","Model_Type"
"1",1,0.912713472485769,"RSA_WCN_SS"
"2",2,0.934535104364326,"RSA_WCN_SS"
"3",3,0.928571428571429,"RSA_WCN_SS"
"4",4,0.908918406072106,"RSA_WCN_SS"
"5",5,0.932637571157495,"RSA_WCN_SS"
"6",6,0.924098671726755,"RSA_WCN_SS"
"7",7,0.92156862745098,"RSA_WCN_SS"
"8",8,0.931372549019608,"RSA_WCN_SS"
"9",9,0.906912442396313,"RSA_WCN_SS"
"10",10,0.91078431372549,"RSA_WCN_SS"
