"","num_dataset","AUC","Model_Type"
"1",1,0.791271347248577,"RSA_SS"
"2",2,0.835294117647059,"RSA_SS"
"3",3,0.814285714285714,"RSA_SS"
"4",4,0.831372549019608,"RSA_SS"
"5",5,0.83965844402277,"RSA_SS"
"6",6,0.80550284629981,"RSA_SS"
"7",7,0.852941176470588,"RSA_SS"
"8",8,0.849019607843137,"RSA_SS"
"9",9,0.799078341013825,"RSA_SS"
"10",10,0.826375711574952,"RSA_SS"
