"","num_dataset","AUC","Model_Type"
"1",1,0.823529411764706,"RSA_SS"
"2",2,0.832258064516129,"RSA_SS"
"3",3,0.824509803921569,"RSA_SS"
"4",4,0.801707779886148,"RSA_SS"
"5",5,0.840607210626186,"RSA_SS"
"6",6,0.828273244781784,"RSA_SS"
"7",7,0.826728110599078,"RSA_SS"
"8",8,0.833017077798861,"RSA_SS"
"9",9,0.806862745098039,"RSA_SS"
"10",10,0.835294117647059,"RSA_SS"
