"","num_dataset","AUC","Model_Type"
"1",1,0.915559772296015,"RSA_WCN"
"2",2,0.908918406072106,"RSA_WCN"
"3",3,0.874509803921569,"RSA_WCN"
"4",4,0.904174573055028,"RSA_WCN"
"5",5,0.894117647058824,"RSA_WCN"
"6",6,0.926470588235294,"RSA_WCN"
"7",7,0.919354838709677,"RSA_WCN"
"8",8,0.905069124423963,"RSA_WCN"
"9",9,0.925345622119816,"RSA_WCN"
"10",10,0.933333333333333,"RSA_WCN"
