"","num_dataset","AUC","Model_Type"
"1",1,0.9146110056926,"RSA_WCN_SS"
"2",2,0.909867172675522,"RSA_WCN_SS"
"3",3,0.922549019607843,"RSA_WCN_SS"
"4",4,0.91705069124424,"RSA_WCN_SS"
"5",5,0.920303605313093,"RSA_WCN_SS"
"6",6,0.904761904761905,"RSA_WCN_SS"
"7",7,0.93921568627451,"RSA_WCN_SS"
"8",8,0.929791271347249,"RSA_WCN_SS"
"9",9,0.95,"RSA_WCN_SS"
"10",10,0.92314990512334,"RSA_WCN_SS"
