"","num_dataset","AUC","Model_Type"
"1",1,0.920588235294118,"RSA_WCN_SS"
"2",2,0.951152073732719,"RSA_WCN_SS"
"3",3,0.938330170777989,"RSA_WCN_SS"
"4",4,0.93168880455408,"RSA_WCN_SS"
"5",5,0.912713472485769,"RSA_WCN_SS"
"6",6,0.917142857142857,"RSA_WCN_SS"
"7",7,0.912745098039216,"RSA_WCN_SS"
"8",8,0.921252371916509,"RSA_WCN_SS"
"9",9,0.910815939278937,"RSA_WCN_SS"
"10",10,0.913725490196078,"RSA_WCN_SS"
