"","num_dataset","AUC","Model_Type"
"1",1,0.8,"RSA_SS"
"2",2,0.795066413662239,"RSA_SS"
"3",3,0.832068311195446,"RSA_SS"
"4",4,0.828273244781784,"RSA_SS"
"5",5,0.826728110599078,"RSA_SS"
"6",6,0.836190476190476,"RSA_SS"
"7",7,0.861764705882353,"RSA_SS"
"8",8,0.83111954459203,"RSA_SS"
"9",9,0.849146110056926,"RSA_SS"
"10",10,0.820588235294118,"RSA_SS"
