"","num_dataset","AUC","Model_Type"
"1",1,0.885714285714286,"RSA_Mean_Score"
"2",2,0.91078431372549,"RSA_Mean_Score"
"3",3,0.898481973434535,"RSA_Mean_Score"
"4",4,0.863377609108159,"RSA_Mean_Score"
"5",5,0.877450980392157,"RSA_Mean_Score"
"6",6,0.870967741935484,"RSA_Mean_Score"
"7",7,0.882857142857143,"RSA_Mean_Score"
"8",8,0.855787476280835,"RSA_Mean_Score"
"9",9,0.853889943074004,"RSA_Mean_Score"
"10",10,0.869070208728653,"RSA_Mean_Score"
