"","num_dataset","AUC","Model_Type"
"1",1,0.909803921568627,"RSA_WCN"
"2",2,0.913662239089184,"RSA_WCN"
"3",3,0.902941176470588,"RSA_WCN"
"4",4,0.903921568627451,"RSA_WCN"
"5",5,0.897533206831119,"RSA_WCN"
"6",6,0.925047438330171,"RSA_WCN"
"7",7,0.916129032258065,"RSA_WCN"
"8",8,0.909867172675522,"RSA_WCN"
"9",9,0.884250474383302,"RSA_WCN"
"10",10,0.911428571428571,"RSA_WCN"
