"","num_dataset","AUC","Model_Type"
"1",1,0.930392156862745,"RSA_WCN_SS"
"2",2,0.905123339658444,"RSA_WCN_SS"
"3",3,0.918627450980392,"RSA_WCN_SS"
"4",4,0.925345622119816,"RSA_WCN_SS"
"5",5,0.936432637571157,"RSA_WCN_SS"
"6",6,0.915686274509804,"RSA_WCN_SS"
"7",7,0.905069124423963,"RSA_WCN_SS"
"8",8,0.934535104364326,"RSA_WCN_SS"
"9",9,0.93168880455408,"RSA_WCN_SS"
"10",10,0.916666666666667,"RSA_WCN_SS"
