"","num_dataset","AUC","Model_Type"
"1",1,0.886274509803922,"RSA_WCN"
"2",2,0.924098671726755,"RSA_WCN"
"3",3,0.907020872865275,"RSA_WCN"
"4",4,0.933333333333333,"RSA_WCN"
"5",5,0.884250474383302,"RSA_WCN"
"6",6,0.90952380952381,"RSA_WCN"
"7",7,0.892789373814042,"RSA_WCN"
"8",8,0.912745098039216,"RSA_WCN"
"9",9,0.911764705882353,"RSA_WCN"
"10",10,0.895635673624288,"RSA_WCN"
