"","num_dataset","AUC","Model_Type"
"1",1,0.922201138519924,"RSA_WCN"
"2",2,0.893738140417457,"RSA_WCN"
"3",3,0.915686274509804,"RSA_WCN"
"4",4,0.909867172675522,"RSA_WCN"
"5",5,0.894686907020873,"RSA_WCN"
"6",6,0.905123339658444,"RSA_WCN"
"7",7,0.913364055299539,"RSA_WCN"
"8",8,0.926666666666667,"RSA_WCN"
"9",9,0.912745098039216,"RSA_WCN"
"10",10,0.888235294117647,"RSA_WCN"
