"","num_dataset","AUC","Model_Type"
"1",1,0.862672811059908,"RSA_Mean_Score"
"2",2,0.873814041745731,"RSA_Mean_Score"
"3",3,0.884313725490196,"RSA_Mean_Score"
"4",4,0.870588235294118,"RSA_Mean_Score"
"5",5,0.866223908918406,"RSA_Mean_Score"
"6",6,0.853889943074004,"RSA_Mean_Score"
"7",7,0.882352941176471,"RSA_Mean_Score"
"8",8,0.880392156862745,"RSA_Mean_Score"
"9",9,0.881372549019608,"RSA_Mean_Score"
"10",10,0.911520737327189,"RSA_Mean_Score"
