"","num_dataset","AUC","Model_Type"
"1",1,0.91078431372549,"RSA_WCN_SS"
"2",2,0.930740037950664,"RSA_WCN_SS"
"3",3,0.933586337760911,"RSA_WCN_SS"
"4",4,0.920303605313093,"RSA_WCN_SS"
"5",5,0.947058823529412,"RSA_WCN_SS"
"6",6,0.924098671726755,"RSA_WCN_SS"
"7",7,0.91705069124424,"RSA_WCN_SS"
"8",8,0.916129032258065,"RSA_WCN_SS"
"9",9,0.918627450980392,"RSA_WCN_SS"
"10",10,0.9,"RSA_WCN_SS"
