"","num_dataset","AUC","Model_Type"
"1",1,0.912713472485769,"RSA_WCN"
"2",2,0.911764705882353,"RSA_WCN"
"3",3,0.87843137254902,"RSA_WCN"
"4",4,0.928571428571429,"RSA_WCN"
"5",5,0.894285714285714,"RSA_WCN"
"6",6,0.911764705882353,"RSA_WCN"
"7",7,0.94022770398482,"RSA_WCN"
"8",8,0.917457305502846,"RSA_WCN"
"9",9,0.894686907020873,"RSA_WCN"
"10",10,0.888235294117647,"RSA_WCN"
