"","num_dataset","AUC","Model_Type"
"1",1,0.905123339658444,"RSA_WCN_SS"
"2",2,0.936405529953917,"RSA_WCN_SS"
"3",3,0.917457305502846,"RSA_WCN_SS"
"4",4,0.927188940092166,"RSA_WCN_SS"
"5",5,0.935294117647059,"RSA_WCN_SS"
"6",6,0.92314990512334,"RSA_WCN_SS"
"7",7,0.918627450980392,"RSA_WCN_SS"
"8",8,0.92156862745098,"RSA_WCN_SS"
"9",9,0.912745098039216,"RSA_WCN_SS"
"10",10,0.918406072106262,"RSA_WCN_SS"
