"","num_dataset","AUC","Model_Type"
"1",1,0.916508538899431,"RSA_WCN_SS"
"2",2,0.92314990512334,"RSA_WCN_SS"
"3",3,0.919354838709677,"RSA_WCN_SS"
"4",4,0.922857142857143,"RSA_WCN_SS"
"5",5,0.911764705882353,"RSA_WCN_SS"
"6",6,0.898481973434535,"RSA_WCN_SS"
"7",7,0.928842504743833,"RSA_WCN_SS"
"8",8,0.931797235023041,"RSA_WCN_SS"
"9",9,0.946078431372549,"RSA_WCN_SS"
"10",10,0.912745098039216,"RSA_WCN_SS"
