"","num_dataset","AUC","Model_Type"
"1",1,0.879506641366224,"RSA_Mean_Score"
"2",2,0.872865275142315,"RSA_Mean_Score"
"3",3,0.887254901960784,"RSA_Mean_Score"
"4",4,0.877450980392157,"RSA_Mean_Score"
"5",5,0.866359447004608,"RSA_Mean_Score"
"6",6,0.863377609108159,"RSA_Mean_Score"
"7",7,0.858064516129032,"RSA_Mean_Score"
"8",8,0.893738140417457,"RSA_Mean_Score"
"9",9,0.896078431372549,"RSA_Mean_Score"
"10",10,0.873529411764706,"RSA_Mean_Score"
