"","num_dataset","AUC","Model_Type"
"1",1,0.832352941176471,"RSA_SS"
"2",2,0.795066413662239,"RSA_SS"
"3",3,0.82258064516129,"RSA_SS"
"4",4,0.844761904761905,"RSA_SS"
"5",5,0.827324478178368,"RSA_SS"
"6",6,0.833017077798861,"RSA_SS"
"7",7,0.824884792626728,"RSA_SS"
"8",8,0.815939278937381,"RSA_SS"
"9",9,0.847058823529412,"RSA_SS"
"10",10,0.83921568627451,"RSA_SS"
