"","num_dataset","AUC","Model_Type"
"1",1,0.915559772296015,"RSA_WCN"
"2",2,0.909867172675522,"RSA_WCN"
"3",3,0.890891840607211,"RSA_WCN"
"4",4,0.896190476190476,"RSA_WCN"
"5",5,0.894117647058824,"RSA_WCN"
"6",6,0.907843137254902,"RSA_WCN"
"7",7,0.894686907020873,"RSA_WCN"
"8",8,0.914285714285714,"RSA_WCN"
"9",9,0.909803921568627,"RSA_WCN"
"10",10,0.943074003795066,"RSA_WCN"
