"","num_dataset","AUC","Model_Type"
"1",1,0.928110599078341,"RSA_WCN_SS"
"2",2,0.930740037950664,"RSA_WCN_SS"
"3",3,0.925996204933586,"RSA_WCN_SS"
"4",4,0.902277039848197,"RSA_WCN_SS"
"5",5,0.935483870967742,"RSA_WCN_SS"
"6",6,0.913725490196078,"RSA_WCN_SS"
"7",7,0.916129032258065,"RSA_WCN_SS"
"8",8,0.918627450980392,"RSA_WCN_SS"
"9",9,0.917647058823529,"RSA_WCN_SS"
"10",10,0.926470588235294,"RSA_WCN_SS"
