"","num_dataset","AUC","Model_Type"
"1",1,0.915686274509804,"RSA_WCN_SS"
"2",2,0.925047438330171,"RSA_WCN_SS"
"3",3,0.908823529411765,"RSA_WCN_SS"
"4",4,0.945920303605313,"RSA_WCN_SS"
"5",5,0.918406072106262,"RSA_WCN_SS"
"6",6,0.917457305502846,"RSA_WCN_SS"
"7",7,0.903809523809524,"RSA_WCN_SS"
"8",8,0.935483870967742,"RSA_WCN_SS"
"9",9,0.912745098039216,"RSA_WCN_SS"
"10",10,0.919354838709677,"RSA_WCN_SS"
