"","num_dataset","AUC","Model_Type"
"1",1,0.913725490196078,"RSA_WCN"
"2",2,0.892789373814042,"RSA_WCN"
"3",3,0.908918406072106,"RSA_WCN"
"4",4,0.898095238095238,"RSA_WCN"
"5",5,0.913364055299539,"RSA_WCN"
"6",6,0.903921568627451,"RSA_WCN"
"7",7,0.915559772296015,"RSA_WCN"
"8",8,0.886148007590133,"RSA_WCN"
"9",9,0.940196078431373,"RSA_WCN"
"10",10,0.884250474383302,"RSA_WCN"
