"","num_dataset","AUC","Model_Type"
"1",1,0.82258064516129,"RSA_SS"
"2",2,0.81078431372549,"RSA_SS"
"3",3,0.863377609108159,"RSA_SS"
"4",4,0.840607210626186,"RSA_SS"
"5",5,0.818785578747628,"RSA_SS"
"6",6,0.837142857142857,"RSA_SS"
"7",7,0.811428571428571,"RSA_SS"
"8",8,0.843453510436433,"RSA_SS"
"9",9,0.823529411764706,"RSA_SS"
"10",10,0.812144212523719,"RSA_SS"
