"","num_dataset","AUC","Model_Type"
"1",1,0.882352941176471,"RSA_WCN"
"2",2,0.892165898617511,"RSA_WCN"
"3",3,0.913662239089184,"RSA_WCN"
"4",4,0.919607843137255,"RSA_WCN"
"5",5,0.882352941176471,"RSA_WCN"
"6",6,0.912713472485769,"RSA_WCN"
"7",7,0.904761904761905,"RSA_WCN"
"8",8,0.952941176470588,"RSA_WCN"
"9",9,0.916508538899431,"RSA_WCN"
"10",10,0.917457305502846,"RSA_WCN"
