"","num_dataset","AUC","Model_Type"
"1",1,0.900379506641366,"RSA_WCN"
"2",2,0.916508538899431,"RSA_WCN"
"3",3,0.908571428571429,"RSA_WCN"
"4",4,0.90607210626186,"RSA_WCN"
"5",5,0.917647058823529,"RSA_WCN"
"6",6,0.909803921568627,"RSA_WCN"
"7",7,0.936405529953917,"RSA_WCN"
"8",8,0.894686907020873,"RSA_WCN"
"9",9,0.893137254901961,"RSA_WCN"
"10",10,0.895635673624288,"RSA_WCN"
