"","num_dataset","AUC","Model_Type"
"1",1,0.892789373814042,"RSA_WCN"
"2",2,0.934285714285714,"RSA_WCN"
"3",3,0.897533206831119,"RSA_WCN"
"4",4,0.894009216589862,"RSA_WCN"
"5",5,0.898481973434535,"RSA_WCN"
"6",6,0.882352941176471,"RSA_WCN"
"7",7,0.896584440227704,"RSA_WCN"
"8",8,0.920588235294118,"RSA_WCN"
"9",9,0.945098039215686,"RSA_WCN"
"10",10,0.908918406072106,"RSA_WCN"
