"","num_dataset","AUC","Model_Type"
"1",1,0.915559772296015,"RSA_WCN_SS"
"2",2,0.916508538899431,"RSA_WCN_SS"
"3",3,0.914705882352941,"RSA_WCN_SS"
"4",4,0.943137254901961,"RSA_WCN_SS"
"5",5,0.896584440227704,"RSA_WCN_SS"
"6",6,0.903225806451613,"RSA_WCN_SS"
"7",7,0.923529411764706,"RSA_WCN_SS"
"8",8,0.946543778801843,"RSA_WCN_SS"
"9",9,0.943074003795066,"RSA_WCN_SS"
"10",10,0.917142857142857,"RSA_WCN_SS"
