"","num_dataset","AUC","Model_Type"
"1",1,0.907020872865275,"RSA_WCN_SS"
"2",2,0.925345622119816,"RSA_WCN_SS"
"3",3,0.929032258064516,"RSA_WCN_SS"
"4",4,0.921252371916509,"RSA_WCN_SS"
"5",5,0.92156862745098,"RSA_WCN_SS"
"6",6,0.934535104364326,"RSA_WCN_SS"
"7",7,0.920588235294118,"RSA_WCN_SS"
"8",8,0.920588235294118,"RSA_WCN_SS"
"9",9,0.925047438330171,"RSA_WCN_SS"
"10",10,0.91078431372549,"RSA_WCN_SS"
