"","num_dataset","AUC","Model_Type"
"1",1,0.811059907834101,"RSA_SS"
"2",2,0.813824884792627,"RSA_SS"
"3",3,0.823529411764706,"RSA_SS"
"4",4,0.826470588235294,"RSA_SS"
"5",5,0.829222011385199,"RSA_SS"
"6",6,0.855882352941176,"RSA_SS"
"7",7,0.822549019607843,"RSA_SS"
"8",8,0.828273244781784,"RSA_SS"
"9",9,0.809803921568627,"RSA_SS"
"10",10,0.871916508538899,"RSA_SS"
