"","num_dataset","AUC","Model_Type"
"1",1,0.888235294117647,"RSA_WCN"
"2",2,0.903225806451613,"RSA_WCN"
"3",3,0.895852534562212,"RSA_WCN"
"4",4,0.912713472485769,"RSA_WCN"
"5",5,0.913725490196078,"RSA_WCN"
"6",6,0.917457305502846,"RSA_WCN"
"7",7,0.922549019607843,"RSA_WCN"
"8",8,0.909867172675522,"RSA_WCN"
"9",9,0.917457305502846,"RSA_WCN"
"10",10,0.907843137254902,"RSA_WCN"
