"","num_dataset","AUC","Model_Type"
"1",1,0.887619047619048,"RSA_Mean_Score"
"2",2,0.860531309297913,"RSA_Mean_Score"
"3",3,0.870967741935484,"RSA_Mean_Score"
"4",4,0.86078431372549,"RSA_Mean_Score"
"5",5,0.868202764976958,"RSA_Mean_Score"
"6",6,0.893137254901961,"RSA_Mean_Score"
"7",7,0.888045540796964,"RSA_Mean_Score"
"8",8,0.896078431372549,"RSA_Mean_Score"
"9",9,0.88045540796964,"RSA_Mean_Score"
"10",10,0.878557874762808,"RSA_Mean_Score"
