"","num_dataset","AUC","Model_Type"
"1",1,0.72865275142315,"RSA"
"2",2,0.741904761904762,"RSA"
"3",3,0.740037950664137,"RSA"
"4",4,0.780392156862745,"RSA"
"5",5,0.68,"RSA"
"6",6,0.753320683111954,"RSA"
"7",7,0.769607843137255,"RSA"
"8",8,0.760910815939279,"RSA"
"9",9,0.776091081593928,"RSA"
"10",10,0.725806451612903,"RSA"
