"","num_dataset","AUC","Model_Type"
"1",1,0.828571428571429,"RSA_SS"
"2",2,0.816888045540797,"RSA_SS"
"3",3,0.791428571428571,"RSA_SS"
"4",4,0.804901960784314,"RSA_SS"
"5",5,0.808349146110057,"RSA_SS"
"6",6,0.844402277039848,"RSA_SS"
"7",7,0.826375711574952,"RSA_SS"
"8",8,0.875490196078431,"RSA_SS"
"9",9,0.817836812144212,"RSA_SS"
"10",10,0.835863377609108,"RSA_SS"
