"","num_dataset","AUC","Model_Type"
"1",1,0.877609108159393,"RSA_Mean_Score"
"2",2,0.864705882352941,"RSA_Mean_Score"
"3",3,0.881404174573055,"RSA_Mean_Score"
"4",4,0.888235294117647,"RSA_Mean_Score"
"5",5,0.868121442125237,"RSA_Mean_Score"
"6",6,0.873529411764706,"RSA_Mean_Score"
"7",7,0.858986175115207,"RSA_Mean_Score"
"8",8,0.903225806451613,"RSA_Mean_Score"
"9",9,0.869607843137255,"RSA_Mean_Score"
"10",10,0.878341013824885,"RSA_Mean_Score"
