"","num_dataset","AUC","Model_Type"
"1",1,0.906862745098039,"RSA_WCN_SS"
"2",2,0.92843137254902,"RSA_WCN_SS"
"3",3,0.907020872865275,"RSA_WCN_SS"
"4",4,0.919607843137255,"RSA_WCN_SS"
"5",5,0.934535104364326,"RSA_WCN_SS"
"6",6,0.908918406072106,"RSA_WCN_SS"
"7",7,0.942125237191651,"RSA_WCN_SS"
"8",8,0.922857142857143,"RSA_WCN_SS"
"9",9,0.914285714285714,"RSA_WCN_SS"
"10",10,0.925996204933586,"RSA_WCN_SS"
