"","num_dataset","AUC","Model_Type"
"1",1,0.770588235294118,"RSA"
"2",2,0.756190476190476,"RSA"
"3",3,0.732447817836812,"RSA"
"4",4,0.761764705882353,"RSA"
"5",5,0.78842504743833,"RSA"
"6",6,0.740986717267552,"RSA"
"7",7,0.744761904761905,"RSA"
"8",8,0.72865275142315,"RSA"
"9",9,0.739089184060721,"RSA"
"10",10,0.731499051233397,"RSA"
