"","num_dataset","AUC","Model_Type"
"1",1,0.882352941176471,"RSA_Mean_Score"
"2",2,0.887557603686636,"RSA_Mean_Score"
"3",3,0.870588235294118,"RSA_Mean_Score"
"4",4,0.86078431372549,"RSA_Mean_Score"
"5",5,0.881404174573055,"RSA_Mean_Score"
"6",6,0.866666666666667,"RSA_Mean_Score"
"7",7,0.896078431372549,"RSA_Mean_Score"
"8",8,0.859907834101382,"RSA_Mean_Score"
"9",9,0.861480075901328,"RSA_Mean_Score"
"10",10,0.895635673624288,"RSA_Mean_Score"
