"","num_dataset","AUC","Model_Type"
"1",1,0.736242884250474,"RSA"
"2",2,0.758064516129032,"RSA"
"3",3,0.725806451612903,"RSA"
"4",4,0.759447004608295,"RSA"
"5",5,0.730476190476191,"RSA"
"6",6,0.761764705882353,"RSA"
"7",7,0.79696394686907,"RSA"
"8",8,0.756862745098039,"RSA"
"9",9,0.738140417457306,"RSA"
"10",10,0.750980392156863,"RSA"
