"","num_dataset","AUC","Model_Type"
"1",1,0.833333333333333,"RSA_SS"
"2",2,0.822549019607843,"RSA_SS"
"3",3,0.826375711574952,"RSA_SS"
"4",4,0.808349146110057,"RSA_SS"
"5",5,0.813333333333333,"RSA_SS"
"6",6,0.802656546489564,"RSA_SS"
"7",7,0.838709677419355,"RSA_SS"
"8",8,0.821631878557875,"RSA_SS"
"9",9,0.849146110056926,"RSA_SS"
"10",10,0.838095238095238,"RSA_SS"
