"","num_dataset","AUC","Model_Type"
"1",1,0.908823529411765,"RSA_Mean_Score"
"2",2,0.876660341555977,"RSA_Mean_Score"
"3",3,0.870588235294118,"RSA_Mean_Score"
"4",4,0.87741935483871,"RSA_Mean_Score"
"5",5,0.891176470588235,"RSA_Mean_Score"
"6",6,0.870967741935484,"RSA_Mean_Score"
"7",7,0.887096774193548,"RSA_Mean_Score"
"8",8,0.840196078431373,"RSA_Mean_Score"
"9",9,0.888045540796964,"RSA_Mean_Score"
"10",10,0.850094876660342,"RSA_Mean_Score"
