"","num_dataset","AUC","Model_Type"
"1",1,0.927893738140417,"RSA_WCN_SS"
"2",2,0.924509803921569,"RSA_WCN_SS"
"3",3,0.918406072106262,"RSA_WCN_SS"
"4",4,0.919607843137255,"RSA_WCN_SS"
"5",5,0.911520737327189,"RSA_WCN_SS"
"6",6,0.945098039215686,"RSA_WCN_SS"
"7",7,0.912745098039216,"RSA_WCN_SS"
"8",8,0.925047438330171,"RSA_WCN_SS"
"9",9,0.930740037950664,"RSA_WCN_SS"
"10",10,0.908755760368664,"RSA_WCN_SS"
