"","num_dataset","AUC","Model_Type"
"1",1,0.913725490196078,"RSA_WCN_SS"
"2",2,0.911764705882353,"RSA_WCN_SS"
"3",3,0.941176470588235,"RSA_WCN_SS"
"4",4,0.905882352941176,"RSA_WCN_SS"
"5",5,0.924423963133641,"RSA_WCN_SS"
"6",6,0.942156862745098,"RSA_WCN_SS"
"7",7,0.927893738140417,"RSA_WCN_SS"
"8",8,0.908918406072106,"RSA_WCN_SS"
"9",9,0.915207373271889,"RSA_WCN_SS"
"10",10,0.919354838709677,"RSA_WCN_SS"
