"","num_dataset","AUC","Model_Type"
"1",1,0.846078431372549,"RSA_SS"
"2",2,0.819734345351044,"RSA_SS"
"3",3,0.848847926267281,"RSA_SS"
"4",4,0.817836812144212,"RSA_SS"
"5",5,0.818095238095238,"RSA_SS"
"6",6,0.838709677419355,"RSA_SS"
"7",7,0.807843137254902,"RSA_SS"
"8",8,0.803921568627451,"RSA_SS"
"9",9,0.802656546489564,"RSA_SS"
"10",10,0.841555977229602,"RSA_SS"
