"","num_dataset","AUC","Model_Type"
"1",1,0.910815939278937,"RSA_WCN_SS"
"2",2,0.916508538899431,"RSA_WCN_SS"
"3",3,0.907969639468691,"RSA_WCN_SS"
"4",4,0.927893738140417,"RSA_WCN_SS"
"5",5,0.911764705882353,"RSA_WCN_SS"
"6",6,0.916129032258065,"RSA_WCN_SS"
"7",7,0.908823529411765,"RSA_WCN_SS"
"8",8,0.934535104364326,"RSA_WCN_SS"
"9",9,0.963725490196078,"RSA_WCN_SS"
"10",10,0.915238095238095,"RSA_WCN_SS"
