"","num_dataset","AUC","Model_Type"
"1",1,0.801707779886148,"RSA_SS"
"2",2,0.829493087557604,"RSA_SS"
"3",3,0.7963133640553,"RSA_SS"
"4",4,0.833965844402277,"RSA_SS"
"5",5,0.811764705882353,"RSA_SS"
"6",6,0.852941176470588,"RSA_SS"
"7",7,0.838709677419355,"RSA_SS"
"8",8,0.827450980392157,"RSA_SS"
"9",9,0.820588235294118,"RSA_SS"
"10",10,0.820683111954459,"RSA_SS"
