"","num_dataset","AUC","Model_Type"
"1",1,0.894117647058824,"RSA_SS"
"2",2,0.818095238095238,"RSA_SS"
"3",3,0.827450980392157,"RSA_SS"
"4",4,0.820683111954459,"RSA_SS"
"5",5,0.822549019607843,"RSA_SS"
"6",6,0.804554079696395,"RSA_SS"
"7",7,0.80550284629981,"RSA_SS"
"8",8,0.819354838709677,"RSA_SS"
"9",9,0.80550284629981,"RSA_SS"
"10",10,0.814990512333966,"RSA_SS"
