"","num_dataset","AUC","Model_Type"
"1",1,0.91705069124424,"RSA_WCN_SS"
"2",2,0.936274509803922,"RSA_WCN_SS"
"3",3,0.921904761904762,"RSA_WCN_SS"
"4",4,0.917457305502846,"RSA_WCN_SS"
"5",5,0.92843137254902,"RSA_WCN_SS"
"6",6,0.939278937381404,"RSA_WCN_SS"
"7",7,0.911764705882353,"RSA_WCN_SS"
"8",8,0.926944971537002,"RSA_WCN_SS"
"9",9,0.909867172675522,"RSA_WCN_SS"
"10",10,0.914705882352941,"RSA_WCN_SS"
