"","num_dataset","AUC","Model_Type"
"1",1,0.924423963133641,"RSA_WCN_SS"
"2",2,0.909867172675522,"RSA_WCN_SS"
"3",3,0.941176470588235,"RSA_WCN_SS"
"4",4,0.908918406072106,"RSA_WCN_SS"
"5",5,0.9146110056926,"RSA_WCN_SS"
"6",6,0.93168880455408,"RSA_WCN_SS"
"7",7,0.918627450980392,"RSA_WCN_SS"
"8",8,0.903921568627451,"RSA_WCN_SS"
"9",9,0.906666666666667,"RSA_WCN_SS"
"10",10,0.937254901960784,"RSA_WCN_SS"
