"","num_dataset","AUC","Model_Type"
"1",1,0.921252371916509,"RSA_WCN_SS"
"2",2,0.925490196078431,"RSA_WCN_SS"
"3",3,0.922549019607843,"RSA_WCN_SS"
"4",4,0.943074003795066,"RSA_WCN_SS"
"5",5,0.925047438330171,"RSA_WCN_SS"
"6",6,0.903809523809524,"RSA_WCN_SS"
"7",7,0.924761904761905,"RSA_WCN_SS"
"8",8,0.905123339658444,"RSA_WCN_SS"
"9",9,0.922201138519924,"RSA_WCN_SS"
"10",10,0.92314990512334,"RSA_WCN_SS"
