"","num_dataset","AUC","Model_Type"
"1",1,0.894686907020873,"RSA_WCN"
"2",2,0.929953917050691,"RSA_WCN"
"3",3,0.897058823529412,"RSA_WCN"
"4",4,0.90607210626186,"RSA_WCN"
"5",5,0.911764705882353,"RSA_WCN"
"6",6,0.924509803921569,"RSA_WCN"
"7",7,0.889943074003795,"RSA_WCN"
"8",8,0.902941176470588,"RSA_WCN"
"9",9,0.919815668202765,"RSA_WCN"
"10",10,0.907020872865275,"RSA_WCN"
