"","num_dataset","AUC","Model_Type"
"1",1,0.935483870967742,"RSA_WCN"
"2",2,0.908823529411765,"RSA_WCN"
"3",3,0.91078431372549,"RSA_WCN"
"4",4,0.905123339658444,"RSA_WCN"
"5",5,0.891840607210626,"RSA_WCN"
"6",6,0.932352941176471,"RSA_WCN"
"7",7,0.912713472485769,"RSA_WCN"
"8",8,0.92073732718894,"RSA_WCN"
"9",9,0.887619047619048,"RSA_WCN"
"10",10,0.908918406072106,"RSA_WCN"
