"","num_dataset","AUC","Model_Type"
"1",1,0.915559772296015,"RSA_WCN_SS"
"2",2,0.916508538899431,"RSA_WCN_SS"
"3",3,0.925047438330171,"RSA_WCN_SS"
"4",4,0.958823529411765,"RSA_WCN_SS"
"5",5,0.910815939278937,"RSA_WCN_SS"
"6",6,0.913364055299539,"RSA_WCN_SS"
"7",7,0.911764705882353,"RSA_WCN_SS"
"8",8,0.920588235294118,"RSA_WCN_SS"
"9",9,0.92314990512334,"RSA_WCN_SS"
"10",10,0.917142857142857,"RSA_WCN_SS"
