"","num_dataset","AUC","Model_Type"
"1",1,0.911764705882353,"RSA_WCN_SS"
"2",2,0.904901960784314,"RSA_WCN_SS"
"3",3,0.934285714285714,"RSA_WCN_SS"
"4",4,0.909867172675522,"RSA_WCN_SS"
"5",5,0.924509803921569,"RSA_WCN_SS"
"6",6,0.959203036053131,"RSA_WCN_SS"
"7",7,0.913662239089184,"RSA_WCN_SS"
"8",8,0.912713472485769,"RSA_WCN_SS"
"9",9,0.915686274509804,"RSA_WCN_SS"
"10",10,0.910599078341014,"RSA_WCN_SS"
