"","num_dataset","AUC","Model_Type"
"1",1,0.908823529411765,"RSA_WCN"
"2",2,0.909677419354839,"RSA_WCN"
"3",3,0.936432637571157,"RSA_WCN"
"4",4,0.89753320683112,"RSA_WCN"
"5",5,0.894117647058824,"RSA_WCN"
"6",6,0.911764705882353,"RSA_WCN"
"7",7,0.910815939278937,"RSA_WCN"
"8",8,0.885199240986717,"RSA_WCN"
"9",9,0.9,"RSA_WCN"
"10",10,0.907843137254902,"RSA_WCN"
