"","num_dataset","AUC","Model_Type"
"1",1,0.83111954459203,"RSA_SS"
"2",2,0.829222011385199,"RSA_SS"
"3",3,0.82843137254902,"RSA_SS"
"4",4,0.834914611005693,"RSA_SS"
"5",5,0.830392156862745,"RSA_SS"
"6",6,0.806451612903226,"RSA_SS"
"7",7,0.824509803921569,"RSA_SS"
"8",8,0.836866359447005,"RSA_SS"
"9",9,0.844239631336406,"RSA_SS"
"10",10,0.812745098039216,"RSA_SS"
