"","num_dataset","AUC","Model_Type"
"1",1,0.916508538899431,"RSA_WCN"
"2",2,0.919047619047619,"RSA_WCN"
"3",3,0.920303605313093,"RSA_WCN"
"4",4,0.894117647058824,"RSA_WCN"
"5",5,0.888045540796964,"RSA_WCN"
"6",6,0.881372549019608,"RSA_WCN"
"7",7,0.900980392156863,"RSA_WCN"
"8",8,0.927188940092166,"RSA_WCN"
"9",9,0.928842504743833,"RSA_WCN"
"10",10,0.902277039848197,"RSA_WCN"
