"","num_dataset","AUC","Model_Type"
"1",1,0.887619047619048,"RSA_SS"
"2",2,0.820588235294118,"RSA_SS"
"3",3,0.801960784313726,"RSA_SS"
"4",4,0.79696394686907,"RSA_SS"
"5",5,0.813725490196078,"RSA_SS"
"6",6,0.81404174573055,"RSA_SS"
"7",7,0.808349146110057,"RSA_SS"
"8",8,0.83111954459203,"RSA_SS"
"9",9,0.842396313364055,"RSA_SS"
"10",10,0.857685009487666,"RSA_SS"
