"","num_dataset","AUC","Model_Type"
"1",1,0.802941176470588,"RSA_SS"
"2",2,0.814990512333966,"RSA_SS"
"3",3,0.847248576850095,"RSA_SS"
"4",4,0.814990512333966,"RSA_SS"
"5",5,0.889523809523809,"RSA_SS"
"6",6,0.846299810246679,"RSA_SS"
"7",7,0.804901960784314,"RSA_SS"
"8",8,0.807373271889401,"RSA_SS"
"9",9,0.800759013282732,"RSA_SS"
"10",10,0.808823529411765,"RSA_SS"
