"","num_dataset","AUC","Model_Type"
"1",1,0.9146110056926,"RSA_WCN"
"2",2,0.912380952380952,"RSA_WCN"
"3",3,0.882352941176471,"RSA_WCN"
"4",4,0.929791271347249,"RSA_WCN"
"5",5,0.933586337760911,"RSA_WCN"
"6",6,0.893738140417457,"RSA_WCN"
"7",7,0.906862745098039,"RSA_WCN"
"8",8,0.919815668202765,"RSA_WCN"
"9",9,0.888235294117647,"RSA_WCN"
"10",10,0.9146110056926,"RSA_WCN"
