"","num_dataset","AUC","Model_Type"
"1",1,0.882027649769585,"RSA_Mean_Score"
"2",2,0.894930875576037,"RSA_Mean_Score"
"3",3,0.898039215686275,"RSA_Mean_Score"
"4",4,0.85673624288425,"RSA_Mean_Score"
"5",5,0.881404174573055,"RSA_Mean_Score"
"6",6,0.85673624288425,"RSA_Mean_Score"
"7",7,0.901960784313726,"RSA_Mean_Score"
"8",8,0.863725490196078,"RSA_Mean_Score"
"9",9,0.855882352941176,"RSA_Mean_Score"
"10",10,0.864326375711575,"RSA_Mean_Score"
