"","num_dataset","AUC","Model_Type"
"1",1,0.92258064516129,"RSA_WCN"
"2",2,0.908918406072106,"RSA_WCN"
"3",3,0.921252371916509,"RSA_WCN"
"4",4,0.907619047619048,"RSA_WCN"
"5",5,0.913725490196078,"RSA_WCN"
"6",6,0.914705882352941,"RSA_WCN"
"7",7,0.907969639468691,"RSA_WCN"
"8",8,0.885199240986717,"RSA_WCN"
"9",9,0.893137254901961,"RSA_WCN"
"10",10,0.90607210626186,"RSA_WCN"
