"","num_dataset","AUC","Model_Type"
"1",1,0.801707779886148,"RSA_SS"
"2",2,0.798039215686275,"RSA_SS"
"3",3,0.805882352941176,"RSA_SS"
"4",4,0.86078431372549,"RSA_SS"
"5",5,0.846299810246679,"RSA_SS"
"6",6,0.818627450980392,"RSA_SS"
"7",7,0.801707779886148,"RSA_SS"
"8",8,0.850691244239631,"RSA_SS"
"9",9,0.817511520737327,"RSA_SS"
"10",10,0.809297912713473,"RSA_SS"
