"","num_dataset","AUC","Model_Type"
"1",1,0.806862745098039,"RSA_SS"
"2",2,0.815939278937381,"RSA_SS"
"3",3,0.832258064516129,"RSA_SS"
"4",4,0.817836812144213,"RSA_SS"
"5",5,0.850980392156863,"RSA_SS"
"6",6,0.82258064516129,"RSA_SS"
"7",7,0.817142857142857,"RSA_SS"
"8",8,0.829222011385199,"RSA_SS"
"9",9,0.847058823529412,"RSA_SS"
"10",10,0.801707779886148,"RSA_SS"
