"","num_dataset","AUC","Model_Type"
"1",1,0.862745098039216,"RSA_SS"
"2",2,0.784313725490196,"RSA_SS"
"3",3,0.807400379506641,"RSA_SS"
"4",4,0.848039215686274,"RSA_SS"
"5",5,0.809297912713473,"RSA_SS"
"6",6,0.829493087557604,"RSA_SS"
"7",7,0.82258064516129,"RSA_SS"
"8",8,0.874762808349146,"RSA_SS"
"9",9,0.832352941176471,"RSA_SS"
"10",10,0.805529953917051,"RSA_SS"
