"","num_dataset","AUC","Model_Type"
"1",1,0.930392156862745,"RSA_WCN_SS"
"2",2,0.911764705882353,"RSA_WCN_SS"
"3",3,0.907843137254902,"RSA_WCN_SS"
"4",4,0.924098671726755,"RSA_WCN_SS"
"5",5,0.914285714285714,"RSA_WCN_SS"
"6",6,0.925996204933586,"RSA_WCN_SS"
"7",7,0.93168880455408,"RSA_WCN_SS"
"8",8,0.913725490196078,"RSA_WCN_SS"
"9",9,0.927893738140417,"RSA_WCN_SS"
"10",10,0.917142857142857,"RSA_WCN_SS"
