"","num_dataset","AUC","Model_Type"
"1",1,0.925047438330171,"RSA_WCN_SS"
"2",2,0.925996204933586,"RSA_WCN_SS"
"3",3,0.917142857142857,"RSA_WCN_SS"
"4",4,0.918406072106262,"RSA_WCN_SS"
"5",5,0.917457305502846,"RSA_WCN_SS"
"6",6,0.916666666666667,"RSA_WCN_SS"
"7",7,0.936274509803922,"RSA_WCN_SS"
"8",8,0.925047438330171,"RSA_WCN_SS"
"9",9,0.931797235023041,"RSA_WCN_SS"
"10",10,0.900980392156863,"RSA_WCN_SS"
