"","num_dataset","AUC","Model_Type"
"1",1,0.92843137254902,"RSA_WCN"
"2",2,0.906912442396313,"RSA_WCN"
"3",3,0.925714285714286,"RSA_WCN"
"4",4,0.894117647058824,"RSA_WCN"
"5",5,0.913662239089184,"RSA_WCN"
"6",6,0.936432637571157,"RSA_WCN"
"7",7,0.883301707779886,"RSA_WCN"
"8",8,0.891840607210626,"RSA_WCN"
"9",9,0.894686907020873,"RSA_WCN"
"10",10,0.894117647058824,"RSA_WCN"
