"","num_dataset","AUC","Model_Type"
"1",1,0.893087557603687,"RSA_WCN"
"2",2,0.898481973434535,"RSA_WCN"
"3",3,0.912745098039216,"RSA_WCN"
"4",4,0.883301707779886,"RSA_WCN"
"5",5,0.908918406072106,"RSA_WCN"
"6",6,0.944022770398482,"RSA_WCN"
"7",7,0.91078431372549,"RSA_WCN"
"8",8,0.915686274509804,"RSA_WCN"
"9",9,0.905882352941176,"RSA_WCN"
"10",10,0.900460829493088,"RSA_WCN"
