"","num_dataset","AUC","Model_Type"
"1",1,0.723908918406072,"RSA"
"2",2,0.766666666666667,"RSA"
"3",3,0.76078431372549,"RSA"
"4",4,0.734313725490196,"RSA"
"5",5,0.736242884250474,"RSA"
"6",6,0.75426944971537,"RSA"
"7",7,0.783681214421252,"RSA"
"8",8,0.756190476190476,"RSA"
"9",9,0.740986717267552,"RSA"
"10",10,0.752995391705069,"RSA"
