"","num_dataset","AUC","Model_Type"
"1",1,0.9573055028463,"RSA_WCN_SS"
"2",2,0.898039215686275,"RSA_WCN_SS"
"3",3,0.925047438330171,"RSA_WCN_SS"
"4",4,0.920588235294118,"RSA_WCN_SS"
"5",5,0.921658986175115,"RSA_WCN_SS"
"6",6,0.913662239089184,"RSA_WCN_SS"
"7",7,0.919607843137255,"RSA_WCN_SS"
"8",8,0.925345622119816,"RSA_WCN_SS"
"9",9,0.919607843137255,"RSA_WCN_SS"
"10",10,0.911764705882353,"RSA_WCN_SS"
