"","num_dataset","AUC","Model_Type"
"1",1,0.829222011385199,"RSA_SS"
"2",2,0.837760910815939,"RSA_SS"
"3",3,0.83965844402277,"RSA_SS"
"4",4,0.818627450980392,"RSA_SS"
"5",5,0.826666666666667,"RSA_SS"
"6",6,0.80952380952381,"RSA_SS"
"7",7,0.799019607843137,"RSA_SS"
"8",8,0.827324478178368,"RSA_SS"
"9",9,0.840607210626186,"RSA_SS"
"10",10,0.833017077798861,"RSA_SS"
