"","num_dataset","AUC","Model_Type"
"1",1,0.929791271347249,"RSA_WCN_SS"
"2",2,0.933586337760911,"RSA_WCN_SS"
"3",3,0.909803921568627,"RSA_WCN_SS"
"4",4,0.932637571157495,"RSA_WCN_SS"
"5",5,0.902941176470588,"RSA_WCN_SS"
"6",6,0.91705069124424,"RSA_WCN_SS"
"7",7,0.917647058823529,"RSA_WCN_SS"
"8",8,0.912380952380952,"RSA_WCN_SS"
"9",9,0.935483870967742,"RSA_WCN_SS"
"10",10,0.912713472485769,"RSA_WCN_SS"
