"","num_dataset","AUC","Model_Type"
"1",1,0.893333333333333,"RSA_WCN"
"2",2,0.905069124423963,"RSA_WCN"
"3",3,0.913662239089184,"RSA_WCN"
"4",4,0.897058823529412,"RSA_WCN"
"5",5,0.885199240986717,"RSA_WCN"
"6",6,0.926944971537002,"RSA_WCN"
"7",7,0.911764705882353,"RSA_WCN"
"8",8,0.890891840607211,"RSA_WCN"
"9",9,0.914705882352941,"RSA_WCN"
"10",10,0.917457305502846,"RSA_WCN"
