"","num_dataset","AUC","Model_Type"
"1",1,0.770588235294118,"RSA"
"2",2,0.740196078431373,"RSA"
"3",3,0.744781783681214,"RSA"
"4",4,0.756166982922201,"RSA"
"5",5,0.767552182163188,"RSA"
"6",6,0.66888045540797,"RSA"
"7",7,0.71047619047619,"RSA"
"8",8,0.739089184060721,"RSA"
"9",9,0.78,"RSA"
"10",10,0.738140417457306,"RSA"
