"","num_dataset","AUC","Model_Type"
"1",1,0.896078431372549,"RSA_WCN"
"2",2,0.915559772296015,"RSA_WCN"
"3",3,0.907969639468691,"RSA_WCN"
"4",4,0.890891840607211,"RSA_WCN"
"5",5,0.902857142857143,"RSA_WCN"
"6",6,0.914705882352941,"RSA_WCN"
"7",7,0.916666666666667,"RSA_WCN"
"8",8,0.930740037950664,"RSA_WCN"
"9",9,0.889943074003795,"RSA_WCN"
"10",10,0.896774193548387,"RSA_WCN"
