"","num_dataset","AUC","Model_Type"
"1",1,0.797058823529412,"RSA_SS"
"2",2,0.83921568627451,"RSA_SS"
"3",3,0.834101382488479,"RSA_SS"
"4",4,0.836190476190476,"RSA_SS"
"5",5,0.83965844402277,"RSA_SS"
"6",6,0.803921568627451,"RSA_SS"
"7",7,0.830170777988615,"RSA_SS"
"8",8,0.823529411764706,"RSA_SS"
"9",9,0.800759013282732,"RSA_SS"
"10",10,0.844402277039848,"RSA_SS"
