"","num_dataset","AUC","Model_Type"
"1",1,0.83965844402277,"RSA_SS"
"2",2,0.820683111954459,"RSA_SS"
"3",3,0.8,"RSA_SS"
"4",4,0.82843137254902,"RSA_SS"
"5",5,0.816888045540797,"RSA_SS"
"6",6,0.83778801843318,"RSA_SS"
"7",7,0.823529411764706,"RSA_SS"
"8",8,0.857843137254902,"RSA_SS"
"9",9,0.811195445920304,"RSA_SS"
"10",10,0.82258064516129,"RSA_SS"
