"","num_dataset","AUC","Model_Type"
"1",1,0.744117647058824,"RSA"
"2",2,0.74573055028463,"RSA"
"3",3,0.75426944971537,"RSA"
"4",4,0.750476190476191,"RSA"
"5",5,0.759803921568627,"RSA"
"6",6,0.774193548387097,"RSA"
"7",7,0.76280834914611,"RSA"
"8",8,0.757115749525617,"RSA"
"9",9,0.738140417457306,"RSA"
"10",10,0.656862745098039,"RSA"
