"","num_dataset","AUC","Model_Type"
"1",1,0.912713472485769,"RSA_WCN_SS"
"2",2,0.919607843137255,"RSA_WCN_SS"
"3",3,0.941935483870968,"RSA_WCN_SS"
"4",4,0.907020872865275,"RSA_WCN_SS"
"5",5,0.922201138519924,"RSA_WCN_SS"
"6",6,0.929411764705882,"RSA_WCN_SS"
"7",7,0.93921568627451,"RSA_WCN_SS"
"8",8,0.911764705882353,"RSA_WCN_SS"
"9",9,0.898481973434535,"RSA_WCN_SS"
"10",10,0.931428571428571,"RSA_WCN_SS"
