"","num_dataset","AUC","Model_Type"
"1",1,0.822119815668203,"RSA_SS"
"2",2,0.82843137254902,"RSA_SS"
"3",3,0.812144212523719,"RSA_SS"
"4",4,0.847619047619048,"RSA_SS"
"5",5,0.807400379506641,"RSA_SS"
"6",6,0.802941176470588,"RSA_SS"
"7",7,0.810246679316888,"RSA_SS"
"8",8,0.833017077798861,"RSA_SS"
"9",9,0.833017077798861,"RSA_SS"
"10",10,0.842156862745098,"RSA_SS"
