"","num_dataset","AUC","Model_Type"
"1",1,0.750474383301708,"RSA"
"2",2,0.789373814041746,"RSA"
"3",3,0.754901960784314,"RSA"
"4",4,0.776958525345622,"RSA"
"5",5,0.742884250474383,"RSA"
"6",6,0.737327188940092,"RSA"
"7",7,0.769607843137255,"RSA"
"8",8,0.74573055028463,"RSA"
"9",9,0.715686274509804,"RSA"
"10",10,0.724509803921569,"RSA"
