"","num_dataset","AUC","Model_Type"
"1",1,0.849146110056926,"RSA_SS"
"2",2,0.820588235294118,"RSA_SS"
"3",3,0.8,"RSA_SS"
"4",4,0.830414746543779,"RSA_SS"
"5",5,0.833179723502304,"RSA_SS"
"6",6,0.838709677419355,"RSA_SS"
"7",7,0.841555977229602,"RSA_SS"
"8",8,0.801960784313726,"RSA_SS"
"9",9,0.842504743833017,"RSA_SS"
"10",10,0.806862745098039,"RSA_SS"
