"","num_dataset","AUC","Model_Type"
"1",1,0.90952380952381,"RSA_WCN"
"2",2,0.909867172675522,"RSA_WCN"
"3",3,0.92156862745098,"RSA_WCN"
"4",4,0.918627450980392,"RSA_WCN"
"5",5,0.915559772296015,"RSA_WCN"
"6",6,0.886148007590133,"RSA_WCN"
"7",7,0.895098039215686,"RSA_WCN"
"8",8,0.908918406072106,"RSA_WCN"
"9",9,0.894686907020873,"RSA_WCN"
"10",10,0.903225806451613,"RSA_WCN"
