"","num_dataset","AUC","Model_Type"
"1",1,0.908823529411765,"RSA_WCN"
"2",2,0.917647058823529,"RSA_WCN"
"3",3,0.898039215686275,"RSA_WCN"
"4",4,0.924423963133641,"RSA_WCN"
"5",5,0.914285714285714,"RSA_WCN"
"6",6,0.912713472485769,"RSA_WCN"
"7",7,0.881372549019608,"RSA_WCN"
"8",8,0.901328273244782,"RSA_WCN"
"9",9,0.913662239089184,"RSA_WCN"
"10",10,0.907969639468691,"RSA_WCN"
