"","num_dataset","AUC","Model_Type"
"1",1,0.913725490196078,"RSA_WCN"
"2",2,0.901960784313726,"RSA_WCN"
"3",3,0.87926267281106,"RSA_WCN"
"4",4,0.920303605313093,"RSA_WCN"
"5",5,0.912713472485769,"RSA_WCN"
"6",6,0.92843137254902,"RSA_WCN"
"7",7,0.897533206831119,"RSA_WCN"
"8",8,0.893738140417457,"RSA_WCN"
"9",9,0.926666666666667,"RSA_WCN"
"10",10,0.892789373814042,"RSA_WCN"
