"","num_dataset","AUC","Model_Type"
"1",1,0.887096774193548,"RSA_Mean_Score"
"2",2,0.860531309297913,"RSA_Mean_Score"
"3",3,0.851960784313725,"RSA_Mean_Score"
"4",4,0.882027649769585,"RSA_Mean_Score"
"5",5,0.861764705882353,"RSA_Mean_Score"
"6",6,0.864326375711575,"RSA_Mean_Score"
"7",7,0.884250474383302,"RSA_Mean_Score"
"8",8,0.887254901960784,"RSA_Mean_Score"
"9",9,0.903225806451613,"RSA_Mean_Score"
"10",10,0.888235294117647,"RSA_Mean_Score"
