"","num_dataset","AUC","Model_Type"
"1",1,0.815668202764977,"RSA_SS"
"2",2,0.854901960784314,"RSA_SS"
"3",3,0.835863377609108,"RSA_SS"
"4",4,0.796015180265655,"RSA_SS"
"5",5,0.814705882352941,"RSA_SS"
"6",6,0.811764705882353,"RSA_SS"
"7",7,0.87156862745098,"RSA_SS"
"8",8,0.827324478178368,"RSA_SS"
"9",9,0.828273244781784,"RSA_SS"
"10",10,0.819354838709677,"RSA_SS"
