"","num_dataset","AUC","Model_Type"
"1",1,0.9146110056926,"RSA_WCN_SS"
"2",2,0.920588235294118,"RSA_WCN_SS"
"3",3,0.926470588235294,"RSA_WCN_SS"
"4",4,0.925345622119816,"RSA_WCN_SS"
"5",5,0.929791271347249,"RSA_WCN_SS"
"6",6,0.928571428571429,"RSA_WCN_SS"
"7",7,0.907020872865275,"RSA_WCN_SS"
"8",8,0.922201138519924,"RSA_WCN_SS"
"9",9,0.907020872865275,"RSA_WCN_SS"
"10",10,0.926470588235294,"RSA_WCN_SS"
