"","num_dataset","AUC","Model_Type"
"1",1,0.897533206831119,"RSA_WCN"
"2",2,0.90952380952381,"RSA_WCN"
"3",3,0.891176470588235,"RSA_WCN"
"4",4,0.89753320683112,"RSA_WCN"
"5",5,0.903921568627451,"RSA_WCN"
"6",6,0.907969639468691,"RSA_WCN"
"7",7,0.891176470588235,"RSA_WCN"
"8",8,0.932637571157495,"RSA_WCN"
"9",9,0.908755760368664,"RSA_WCN"
"10",10,0.950664136622391,"RSA_WCN"
