"","num_dataset","AUC","Model_Type"
"1",1,0.9,"RSA_WCN"
"2",2,0.933586337760911,"RSA_WCN"
"3",3,0.884313725490196,"RSA_WCN"
"4",4,0.90607210626186,"RSA_WCN"
"5",5,0.900980392156863,"RSA_WCN"
"6",6,0.92258064516129,"RSA_WCN"
"7",7,0.902304147465438,"RSA_WCN"
"8",8,0.915559772296015,"RSA_WCN"
"9",9,0.890891840607211,"RSA_WCN"
"10",10,0.922549019607843,"RSA_WCN"
