"","num_dataset","AUC","Model_Type"
"1",1,0.827324478178368,"RSA_SS"
"2",2,0.808571428571429,"RSA_SS"
"3",3,0.815686274509804,"RSA_SS"
"4",4,0.83921568627451,"RSA_SS"
"5",5,0.836812144212524,"RSA_SS"
"6",6,0.835863377609108,"RSA_SS"
"7",7,0.818095238095238,"RSA_SS"
"8",8,0.811195445920304,"RSA_SS"
"9",9,0.854838709677419,"RSA_SS"
"10",10,0.825426944971537,"RSA_SS"
