"","num_dataset","AUC","Model_Type"
"1",1,0.835863377609108,"RSA_SS"
"2",2,0.838709677419355,"RSA_SS"
"3",3,0.81047619047619,"RSA_SS"
"4",4,0.815939278937381,"RSA_SS"
"5",5,0.821904761904762,"RSA_SS"
"6",6,0.799810246679317,"RSA_SS"
"7",7,0.841555977229602,"RSA_SS"
"8",8,0.814705882352941,"RSA_SS"
"9",9,0.825490196078431,"RSA_SS"
"10",10,0.806451612903226,"RSA_SS"
