"","num_dataset","AUC","Model_Type"
"1",1,0.908918406072106,"RSA_WCN"
"2",2,0.898481973434535,"RSA_WCN"
"3",3,0.897533206831119,"RSA_WCN"
"4",4,0.931372549019608,"RSA_WCN"
"5",5,0.911428571428571,"RSA_WCN"
"6",6,0.907969639468691,"RSA_WCN"
"7",7,0.890891840607211,"RSA_WCN"
"8",8,0.909803921568627,"RSA_WCN"
"9",9,0.917647058823529,"RSA_WCN"
"10",10,0.911520737327189,"RSA_WCN"
