"","num_dataset","AUC","Model_Type"
"1",1,0.846666666666667,"RSA_SS"
"2",2,0.833965844402277,"RSA_SS"
"3",3,0.806862745098039,"RSA_SS"
"4",4,0.836812144212524,"RSA_SS"
"5",5,0.833017077798861,"RSA_SS"
"6",6,0.839047619047619,"RSA_SS"
"7",7,0.82258064516129,"RSA_SS"
"8",8,0.824478178368121,"RSA_SS"
"9",9,0.811195445920304,"RSA_SS"
"10",10,0.811764705882353,"RSA_SS"
