"","num_dataset","AUC","Model_Type"
"1",1,0.838235294117647,"RSA_SS"
"2",2,0.814746543778802,"RSA_SS"
"3",3,0.859582542694497,"RSA_SS"
"4",4,0.827649769585253,"RSA_SS"
"5",5,0.803921568627451,"RSA_SS"
"6",6,0.873529411764706,"RSA_SS"
"7",7,0.819607843137255,"RSA_SS"
"8",8,0.807400379506641,"RSA_SS"
"9",9,0.818785578747628,"RSA_SS"
"10",10,0.832068311195446,"RSA_SS"
