"","num_dataset","AUC","Model_Type"
"1",1,0.84,"RSA_SS"
"2",2,0.821631878557875,"RSA_SS"
"3",3,0.826470588235294,"RSA_SS"
"4",4,0.821631878557875,"RSA_SS"
"5",5,0.806451612903226,"RSA_SS"
"6",6,0.81404174573055,"RSA_SS"
"7",7,0.82258064516129,"RSA_SS"
"8",8,0.813725490196078,"RSA_SS"
"9",9,0.848039215686274,"RSA_SS"
"10",10,0.841555977229602,"RSA_SS"
