"","num_dataset","AUC","Model_Type"
"1",1,0.922549019607843,"RSA_WCN_SS"
"2",2,0.920303605313093,"RSA_WCN_SS"
"3",3,0.923502304147465,"RSA_WCN_SS"
"4",4,0.90607210626186,"RSA_WCN_SS"
"5",5,0.91078431372549,"RSA_WCN_SS"
"6",6,0.937381404174573,"RSA_WCN_SS"
"7",7,0.911764705882353,"RSA_WCN_SS"
"8",8,0.91047619047619,"RSA_WCN_SS"
"9",9,0.921252371916509,"RSA_WCN_SS"
"10",10,0.929791271347249,"RSA_WCN_SS"
