"","num_dataset","AUC","Model_Type"
"1",1,0.882352941176471,"RSA_WCN"
"2",2,0.903809523809524,"RSA_WCN"
"3",3,0.917457305502846,"RSA_WCN"
"4",4,0.908755760368664,"RSA_WCN"
"5",5,0.925047438330171,"RSA_WCN"
"6",6,0.916508538899431,"RSA_WCN"
"7",7,0.940196078431373,"RSA_WCN"
"8",8,0.899430740037951,"RSA_WCN"
"9",9,0.892156862745098,"RSA_WCN"
"10",10,0.899019607843137,"RSA_WCN"
