"","num_dataset","AUC","Model_Type"
"1",1,0.796015180265655,"RSA_SS"
"2",2,0.827450980392157,"RSA_SS"
"3",3,0.82258064516129,"RSA_SS"
"4",4,0.821904761904762,"RSA_SS"
"5",5,0.82258064516129,"RSA_SS"
"6",6,0.79696394686907,"RSA_SS"
"7",7,0.85047619047619,"RSA_SS"
"8",8,0.835294117647059,"RSA_SS"
"9",9,0.837760910815939,"RSA_SS"
"10",10,0.810246679316888,"RSA_SS"
