"","num_dataset","AUC","Model_Type"
"1",1,0.924098671726755,"RSA_WCN_SS"
"2",2,0.924098671726755,"RSA_WCN_SS"
"3",3,0.92843137254902,"RSA_WCN_SS"
"4",4,0.939278937381404,"RSA_WCN_SS"
"5",5,0.919354838709677,"RSA_WCN_SS"
"6",6,0.929032258064516,"RSA_WCN_SS"
"7",7,0.932637571157495,"RSA_WCN_SS"
"8",8,0.906862745098039,"RSA_WCN_SS"
"9",9,0.904761904761905,"RSA_WCN_SS"
"10",10,0.916666666666667,"RSA_WCN_SS"
