"","num_dataset","AUC","Model_Type"
"1",1,0.830170777988615,"RSA_SS"
"2",2,0.826470588235294,"RSA_SS"
"3",3,0.855787476280835,"RSA_SS"
"4",4,0.817836812144213,"RSA_SS"
"5",5,0.788235294117647,"RSA_SS"
"6",6,0.825490196078431,"RSA_SS"
"7",7,0.799019607843137,"RSA_SS"
"8",8,0.846082949308756,"RSA_SS"
"9",9,0.820276497695853,"RSA_SS"
"10",10,0.84819734345351,"RSA_SS"
