"","num_dataset","AUC","Model_Type"
"1",1,0.762745098039216,"RSA"
"2",2,0.770398481973435,"RSA"
"3",3,0.741935483870968,"RSA"
"4",4,0.743778801843318,"RSA"
"5",5,0.770398481973435,"RSA"
"6",6,0.738140417457306,"RSA"
"7",7,0.730392156862745,"RSA"
"8",8,0.752371916508539,"RSA"
"9",9,0.753921568627451,"RSA"
"10",10,0.751960784313725,"RSA"
