"","num_dataset","AUC","Model_Type"
"1",1,0.910599078341014,"RSA_WCN_SS"
"2",2,0.924509803921569,"RSA_WCN_SS"
"3",3,0.92156862745098,"RSA_WCN_SS"
"4",4,0.922201138519924,"RSA_WCN_SS"
"5",5,0.90607210626186,"RSA_WCN_SS"
"6",6,0.927450980392157,"RSA_WCN_SS"
"7",7,0.932637571157495,"RSA_WCN_SS"
"8",8,0.918406072106262,"RSA_WCN_SS"
"9",9,0.907619047619048,"RSA_WCN_SS"
"10",10,0.943074003795066,"RSA_WCN_SS"
