"","num_dataset","AUC","Model_Type"
"1",1,0.749019607843137,"RSA"
"2",2,0.74573055028463,"RSA"
"3",3,0.764705882352941,"RSA"
"4",4,0.791428571428571,"RSA"
"5",5,0.727450980392157,"RSA"
"6",6,0.716129032258064,"RSA"
"7",7,0.733333333333333,"RSA"
"8",8,0.73719165085389,"RSA"
"9",9,0.759013282732448,"RSA"
"10",10,0.763757115749526,"RSA"
