"","num_dataset","AUC","Model_Type"
"1",1,0.902277039848197,"RSA_WCN_SS"
"2",2,0.937254901960784,"RSA_WCN_SS"
"3",3,0.927619047619048,"RSA_WCN_SS"
"4",4,0.921252371916509,"RSA_WCN_SS"
"5",5,0.919354838709677,"RSA_WCN_SS"
"6",6,0.924098671726755,"RSA_WCN_SS"
"7",7,0.915238095238095,"RSA_WCN_SS"
"8",8,0.899430740037951,"RSA_WCN_SS"
"9",9,0.920588235294118,"RSA_WCN_SS"
"10",10,0.939278937381404,"RSA_WCN_SS"
