"","num_dataset","AUC","Model_Type"
"1",1,0.922549019607843,"RSA_WCN_SS"
"2",2,0.927450980392157,"RSA_WCN_SS"
"3",3,0.930875576036866,"RSA_WCN_SS"
"4",4,0.92073732718894,"RSA_WCN_SS"
"5",5,0.927893738140417,"RSA_WCN_SS"
"6",6,0.926944971537002,"RSA_WCN_SS"
"7",7,0.928842504743833,"RSA_WCN_SS"
"8",8,0.909803921568627,"RSA_WCN_SS"
"9",9,0.903225806451613,"RSA_WCN_SS"
"10",10,0.920588235294118,"RSA_WCN_SS"
