"","num_dataset","AUC","Model_Type"
"1",1,0.868202764976958,"RSA_Mean_Score"
"2",2,0.897058823529412,"RSA_Mean_Score"
"3",3,0.867172675521822,"RSA_Mean_Score"
"4",4,0.864326375711575,"RSA_Mean_Score"
"5",5,0.896584440227704,"RSA_Mean_Score"
"6",6,0.869124423963134,"RSA_Mean_Score"
"7",7,0.887096774193548,"RSA_Mean_Score"
"8",8,0.879411764705882,"RSA_Mean_Score"
"9",9,0.865686274509804,"RSA_Mean_Score"
"10",10,0.866666666666667,"RSA_Mean_Score"
