"","num_dataset","AUC","Model_Type"
"1",1,0.902941176470588,"RSA_WCN"
"2",2,0.921658986175115,"RSA_WCN"
"3",3,0.904901960784314,"RSA_WCN"
"4",4,0.909867172675522,"RSA_WCN"
"5",5,0.903225806451613,"RSA_WCN"
"6",6,0.877609108159393,"RSA_WCN"
"7",7,0.895098039215686,"RSA_WCN"
"8",8,0.892789373814042,"RSA_WCN"
"9",9,0.925047438330171,"RSA_WCN"
"10",10,0.925714285714286,"RSA_WCN"
