"","num_dataset","AUC","Model_Type"
"1",1,0.934535104364326,"RSA_WCN"
"2",2,0.908823529411765,"RSA_WCN"
"3",3,0.913364055299539,"RSA_WCN"
"4",4,0.9146110056926,"RSA_WCN"
"5",5,0.895098039215686,"RSA_WCN"
"6",6,0.918406072106262,"RSA_WCN"
"7",7,0.901904761904762,"RSA_WCN"
"8",8,0.880392156862745,"RSA_WCN"
"9",9,0.910815939278937,"RSA_WCN"
"10",10,0.909867172675522,"RSA_WCN"
