"","num_dataset","AUC","Model_Type"
"1",1,0.817647058823529,"RSA_SS"
"2",2,0.840607210626186,"RSA_SS"
"3",3,0.826375711574952,"RSA_SS"
"4",4,0.829222011385199,"RSA_SS"
"5",5,0.853921568627451,"RSA_SS"
"6",6,0.834101382488479,"RSA_SS"
"7",7,0.843453510436433,"RSA_SS"
"8",8,0.829222011385199,"RSA_SS"
"9",9,0.827450980392157,"RSA_SS"
"10",10,0.806666666666667,"RSA_SS"
