"","num_dataset","AUC","Model_Type"
"1",1,0.886635944700461,"RSA_WCN"
"2",2,0.904174573055028,"RSA_WCN"
"3",3,0.92156862745098,"RSA_WCN"
"4",4,0.904174573055028,"RSA_WCN"
"5",5,0.893738140417457,"RSA_WCN"
"6",6,0.903921568627451,"RSA_WCN"
"7",7,0.929791271347249,"RSA_WCN"
"8",8,0.904901960784314,"RSA_WCN"
"9",9,0.90607210626186,"RSA_WCN"
"10",10,0.9,"RSA_WCN"
