"","num_dataset","AUC","Model_Type"
"1",1,0.911764705882353,"RSA_WCN"
"2",2,0.925490196078431,"RSA_WCN"
"3",3,0.909867172675522,"RSA_WCN"
"4",4,0.902941176470588,"RSA_WCN"
"5",5,0.907969639468691,"RSA_WCN"
"6",6,0.912380952380952,"RSA_WCN"
"7",7,0.911764705882353,"RSA_WCN"
"8",8,0.899430740037951,"RSA_WCN"
"9",9,0.906912442396313,"RSA_WCN"
"10",10,0.889943074003795,"RSA_WCN"
