"","num_dataset","AUC","Model_Type"
"1",1,0.759013282732448,"RSA"
"2",2,0.7,"RSA"
"3",3,0.764705882352941,"RSA"
"4",4,0.738095238095238,"RSA"
"5",5,0.755218216318786,"RSA"
"6",6,0.746679316888046,"RSA"
"7",7,0.74573055028463,"RSA"
"8",8,0.786527514231499,"RSA"
"9",9,0.744117647058824,"RSA"
"10",10,0.77134724857685,"RSA"
