"","num_dataset","AUC","Model_Type"
"1",1,0.925345622119816,"RSA_WCN_SS"
"2",2,0.92843137254902,"RSA_WCN_SS"
"3",3,0.925047438330171,"RSA_WCN_SS"
"4",4,0.927893738140417,"RSA_WCN_SS"
"5",5,0.924098671726755,"RSA_WCN_SS"
"6",6,0.932352941176471,"RSA_WCN_SS"
"7",7,0.919607843137255,"RSA_WCN_SS"
"8",8,0.923529411764706,"RSA_WCN_SS"
"9",9,0.916508538899431,"RSA_WCN_SS"
"10",10,0.906912442396313,"RSA_WCN_SS"
