"","num_dataset","AUC","Model_Type"
"1",1,0.809297912713472,"RSA_SS"
"2",2,0.804901960784314,"RSA_SS"
"3",3,0.863725490196078,"RSA_SS"
"4",4,0.794117647058823,"RSA_SS"
"5",5,0.845351043643264,"RSA_SS"
"6",6,0.852941176470588,"RSA_SS"
"7",7,0.81047619047619,"RSA_SS"
"8",8,0.850980392156863,"RSA_SS"
"9",9,0.833965844402277,"RSA_SS"
"10",10,0.805529953917051,"RSA_SS"
