"","num_dataset","AUC","Model_Type"
"1",1,0.847248576850095,"RSA_SS"
"2",2,0.85047619047619,"RSA_SS"
"3",3,0.796015180265655,"RSA_SS"
"4",4,0.815939278937381,"RSA_SS"
"5",5,0.815686274509804,"RSA_SS"
"6",6,0.807400379506641,"RSA_SS"
"7",7,0.851992409867173,"RSA_SS"
"8",8,0.835238095238095,"RSA_SS"
"9",9,0.82156862745098,"RSA_SS"
"10",10,0.820683111954459,"RSA_SS"
