"","num_dataset","AUC","Model_Type"
"1",1,0.826666666666667,"RSA_SS"
"2",2,0.812144212523719,"RSA_SS"
"3",3,0.855787476280835,"RSA_SS"
"4",4,0.826470588235294,"RSA_SS"
"5",5,0.819607843137255,"RSA_SS"
"6",6,0.84819734345351,"RSA_SS"
"7",7,0.81404174573055,"RSA_SS"
"8",8,0.8,"RSA_SS"
"9",9,0.851043643263757,"RSA_SS"
"10",10,0.811981566820276,"RSA_SS"
