"","num_dataset","AUC","Model_Type"
"1",1,0.905882352941176,"RSA_WCN_SS"
"2",2,0.914705882352941,"RSA_WCN_SS"
"3",3,0.936432637571157,"RSA_WCN_SS"
"4",4,0.942125237191651,"RSA_WCN_SS"
"5",5,0.910815939278937,"RSA_WCN_SS"
"6",6,0.92,"RSA_WCN_SS"
"7",7,0.935483870967742,"RSA_WCN_SS"
"8",8,0.903225806451613,"RSA_WCN_SS"
"9",9,0.902857142857143,"RSA_WCN_SS"
"10",10,0.93168880455408,"RSA_WCN_SS"
