"","num_dataset","AUC","Model_Type"
"1",1,0.905123339658444,"RSA_WCN_SS"
"2",2,0.924098671726755,"RSA_WCN_SS"
"3",3,0.945920303605313,"RSA_WCN_SS"
"4",4,0.915686274509804,"RSA_WCN_SS"
"5",5,0.944117647058824,"RSA_WCN_SS"
"6",6,0.936405529953917,"RSA_WCN_SS"
"7",7,0.919815668202765,"RSA_WCN_SS"
"8",8,0.9146110056926,"RSA_WCN_SS"
"9",9,0.909803921568627,"RSA_WCN_SS"
"10",10,0.906862745098039,"RSA_WCN_SS"
