"","num_dataset","AUC","Model_Type"
"1",1,0.883301707779886,"RSA_Mean_Score"
"2",2,0.876497695852535,"RSA_Mean_Score"
"3",3,0.877609108159393,"RSA_Mean_Score"
"4",4,0.873529411764706,"RSA_Mean_Score"
"5",5,0.865686274509804,"RSA_Mean_Score"
"6",6,0.898095238095238,"RSA_Mean_Score"
"7",7,0.861480075901328,"RSA_Mean_Score"
"8",8,0.88045540796964,"RSA_Mean_Score"
"9",9,0.868627450980392,"RSA_Mean_Score"
"10",10,0.879506641366224,"RSA_Mean_Score"
