"","num_dataset","AUC","Model_Type"
"1",1,0.919815668202765,"RSA_WCN_SS"
"2",2,0.9146110056926,"RSA_WCN_SS"
"3",3,0.925490196078431,"RSA_WCN_SS"
"4",4,0.92314990512334,"RSA_WCN_SS"
"5",5,0.911764705882353,"RSA_WCN_SS"
"6",6,0.926944971537002,"RSA_WCN_SS"
"7",7,0.919607843137255,"RSA_WCN_SS"
"8",8,0.913725490196078,"RSA_WCN_SS"
"9",9,0.925490196078431,"RSA_WCN_SS"
"10",10,0.942857142857143,"RSA_WCN_SS"
