"","num_dataset","AUC","Model_Type"
"1",1,0.897058823529412,"RSA_WCN"
"2",2,0.896584440227704,"RSA_WCN"
"3",3,0.919354838709677,"RSA_WCN"
"4",4,0.921252371916509,"RSA_WCN"
"5",5,0.914705882352941,"RSA_WCN"
"6",6,0.905123339658444,"RSA_WCN"
"7",7,0.928842504743833,"RSA_WCN"
"8",8,0.893333333333333,"RSA_WCN"
"9",9,0.92156862745098,"RSA_WCN"
"10",10,0.893087557603687,"RSA_WCN"
