"","num_dataset","AUC","Model_Type"
"1",1,0.844402277039848,"SS"
"2",2,0.826375711574953,"SS"
"3",3,0.87741935483871,"SS"
"4",4,0.848039215686275,"SS"
"5",5,0.764705882352941,"SS"
"6",6,0.764705882352941,"SS"
"7",7,0.794117647058824,"SS"
"8",8,0.888479262672811,"SS"
"9",9,0.88899430740038,"SS"
"10",10,0.735294117647059,"SS"
