"","num_dataset","AUC","Model_Type"
"1",1,0.764705882352941,"SS"
"2",2,0.884313725490196,"SS"
"3",3,0.848039215686275,"SS"
"4",4,0.764705882352941,"SS"
"5",5,0.794117647058824,"SS"
"6",6,0.82258064516129,"SS"
"7",7,0.735294117647059,"SS"
"8",8,0.877450980392157,"SS"
"9",9,0.742857142857143,"SS"
"10",10,0.910599078341014,"SS"
