"","num_dataset","AUC","Model_Type"
"1",1,0.82156862745098,"SS"
"2",2,0.742857142857143,"SS"
"3",3,0.865275142314991,"SS"
"4",4,0.844402277039848,"SS"
"5",5,0.735294117647059,"SS"
"6",6,0.858823529411765,"SS"
"7",7,0.771428571428571,"SS"
"8",8,0.855787476280835,"SS"
"9",9,0.794117647058824,"SS"
"10",10,0.794117647058824,"SS"
