"","num_dataset","AUC","Model_Type"
"1",1,0.882352941176471,"SS"
"2",2,0.771428571428571,"SS"
"3",3,0.735294117647059,"SS"
"4",4,0.854901960784314,"SS"
"5",5,0.794117647058824,"SS"
"6",6,0.881404174573055,"SS"
"7",7,0.735294117647059,"SS"
"8",8,0.853889943074004,"SS"
"9",9,0.851992409867173,"SS"
"10",10,0.87741935483871,"SS"
