"","num_dataset","AUC","Model_Type"
"1",1,0.849146110056926,"SS"
"2",2,0.764705882352941,"SS"
"3",3,0.794117647058824,"SS"
"4",4,0.82258064516129,"SS"
"5",5,0.829411764705882,"SS"
"6",6,0.735294117647059,"SS"
"7",7,0.851992409867173,"SS"
"8",8,0.771428571428571,"SS"
"9",9,0.876190476190476,"SS"
"10",10,0.888994307400379,"SS"
