"","num_dataset","AUC","Model_Type"
"1",1,0.855787476280835,"SS"
"2",2,0.735294117647059,"SS"
"3",3,0.856221198156682,"SS"
"4",4,0.88899430740038,"SS"
"5",5,0.872549019607843,"SS"
"6",6,0.829411764705882,"SS"
"7",7,0.848847926267281,"SS"
"8",8,0.764705882352941,"SS"
"9",9,0.878557874762808,"SS"
"10",10,0.764705882352941,"SS"
