"","num_dataset","AUC","Model_Type"
"1",1,0.859907834101382,"SS"
"2",2,0.881404174573055,"SS"
"3",3,0.735294117647059,"SS"
"4",4,0.8,"SS"
"5",5,0.829411764705882,"SS"
"6",6,0.844402277039848,"SS"
"7",7,0.877450980392157,"SS"
"8",8,0.764705882352941,"SS"
"9",9,0.862745098039216,"SS"
"10",10,0.849146110056926,"SS"
