"","num_dataset","AUC","Model_Type"
"1",1,0.857843137254902,"SS"
"2",2,0.771428571428571,"SS"
"3",3,0.873814041745731,"SS"
"4",4,0.764705882352941,"SS"
"5",5,0.735294117647059,"SS"
"6",6,0.873814041745731,"SS"
"7",7,0.850980392156863,"SS"
"8",8,0.850980392156863,"SS"
"9",9,0.862428842504744,"SS"
"10",10,0.771428571428571,"SS"
