"","num_dataset","AUC","Model_Type"
"1",1,0.880392156862745,"SS"
"2",2,0.891428571428571,"SS"
"3",3,0.735294117647059,"SS"
"4",4,0.742857142857143,"SS"
"5",5,0.735294117647059,"SS"
"6",6,0.735294117647059,"SS"
"7",7,0.764705882352941,"SS"
"8",8,0.855787476280835,"SS"
"9",9,0.764705882352941,"SS"
"10",10,0.859582542694497,"SS"
