"","num_dataset","AUC","Model_Type"
"1",1,0.859047619047619,"SS"
"2",2,0.764705882352941,"SS"
"3",3,0.829411764705882,"SS"
"4",4,0.764705882352941,"SS"
"5",5,0.878557874762808,"SS"
"6",6,0.764705882352941,"SS"
"7",7,0.854901960784314,"SS"
"8",8,0.764705882352941,"SS"
"9",9,0.742857142857143,"SS"
"10",10,0.764705882352941,"SS"
