"","num_dataset","AUC","Model_Type"
"1",1,0.764705882352941,"SS"
"2",2,0.8,"SS"
"3",3,0.901960784313726,"SS"
"4",4,0.849146110056926,"SS"
"5",5,0.826666666666667,"SS"
"6",6,0.82156862745098,"SS"
"7",7,0.764705882352941,"SS"
"8",8,0.878557874762808,"SS"
"9",9,0.764705882352941,"SS"
"10",10,0.883301707779886,"SS"
