"","num_dataset","AUC","Model_Type"
"1",1,0.849146110056926,"SS_Mean_Score"
"2",2,0.854838709677419,"SS_Mean_Score"
"3",3,0.823529411764706,"SS_Mean_Score"
"4",4,0.870588235294118,"SS_Mean_Score"
"5",5,0.851043643263757,"SS_Mean_Score"
"6",6,0.821631878557875,"SS_Mean_Score"
"7",7,0.859907834101382,"SS_Mean_Score"
"8",8,0.862857142857143,"SS_Mean_Score"
"9",9,0.862745098039216,"SS_Mean_Score"
"10",10,0.855787476280835,"SS_Mean_Score"
