"","num_dataset","AUC","Model_Type"
"1",1,0.858986175115207,"SS_Mean_Score"
"2",2,0.835944700460829,"SS_Mean_Score"
"3",3,0.821631878557875,"SS_Mean_Score"
"4",4,0.857685009487666,"SS_Mean_Score"
"5",5,0.866666666666667,"SS_Mean_Score"
"6",6,0.844117647058824,"SS_Mean_Score"
"7",7,0.847058823529412,"SS_Mean_Score"
"8",8,0.831372549019608,"SS_Mean_Score"
"9",9,0.873814041745731,"SS_Mean_Score"
"10",10,0.86527514231499,"SS_Mean_Score"
