"","num_dataset","AUC","Model_Type"
"1",1,0.852941176470588,"SS_Mean_Score"
"2",2,0.849769585253456,"SS_Mean_Score"
"3",3,0.84819734345351,"SS_Mean_Score"
"4",4,0.83111954459203,"SS_Mean_Score"
"5",5,0.854838709677419,"SS_Mean_Score"
"6",6,0.850980392156863,"SS_Mean_Score"
"7",7,0.832352941176471,"SS_Mean_Score"
"8",8,0.826375711574953,"SS_Mean_Score"
"9",9,0.888571428571429,"SS_Mean_Score"
"10",10,0.849146110056926,"SS_Mean_Score"
