"","num_dataset","AUC","Model_Type"
"1",1,0.872865275142315,"SS_Mean_Score"
"2",2,0.858633776091082,"SS_Mean_Score"
"3",3,0.831372549019608,"SS_Mean_Score"
"4",4,0.828571428571429,"SS_Mean_Score"
"5",5,0.866666666666667,"SS_Mean_Score"
"6",6,0.824478178368121,"SS_Mean_Score"
"7",7,0.869607843137255,"SS_Mean_Score"
"8",8,0.868121442125237,"SS_Mean_Score"
"9",9,0.85047619047619,"SS_Mean_Score"
"10",10,0.878557874762808,"SS_Mean_Score"
