"","num_dataset","AUC","Model_Type"
"1",1,0.851043643263757,"SS_Mean_Score"
"2",2,0.849146110056926,"SS_Mean_Score"
"3",3,0.83047619047619,"SS_Mean_Score"
"4",4,0.84819734345351,"SS_Mean_Score"
"5",5,0.845098039215686,"SS_Mean_Score"
"6",6,0.872549019607843,"SS_Mean_Score"
"7",7,0.862428842504744,"SS_Mean_Score"
"8",8,0.857685009487666,"SS_Mean_Score"
"9",9,0.844117647058824,"SS_Mean_Score"
"10",10,0.872811059907834,"SS_Mean_Score"
