"","num_dataset","AUC","Model_Type"
"1",1,0.828273244781784,"SS_Mean_Score"
"2",2,0.847058823529412,"SS_Mean_Score"
"3",3,0.849019607843137,"SS_Mean_Score"
"4",4,0.873333333333333,"SS_Mean_Score"
"5",5,0.852941176470588,"SS_Mean_Score"
"6",6,0.833965844402277,"SS_Mean_Score"
"7",7,0.832068311195446,"SS_Mean_Score"
"8",8,0.870967741935484,"SS_Mean_Score"
"9",9,0.823529411764706,"SS_Mean_Score"
"10",10,0.868202764976958,"SS_Mean_Score"
