"","num_dataset","AUC","Model_Type"
"1",1,0.849146110056926,"SS_Mean_Score"
"2",2,0.838235294117647,"SS_Mean_Score"
"3",3,0.854838709677419,"SS_Mean_Score"
"4",4,0.838709677419355,"SS_Mean_Score"
"5",5,0.857843137254902,"SS_Mean_Score"
"6",6,0.895635673624288,"SS_Mean_Score"
"7",7,0.844402277039848,"SS_Mean_Score"
"8",8,0.851043643263757,"SS_Mean_Score"
"9",9,0.846666666666667,"SS_Mean_Score"
"10",10,0.863725490196078,"SS_Mean_Score"
