"","num_dataset","AUC","Model_Type"
"1",1,0.849146110056926,"SS_Mean_Score"
"2",2,0.830170777988615,"SS_Mean_Score"
"3",3,0.852941176470588,"SS_Mean_Score"
"4",4,0.899430740037951,"SS_Mean_Score"
"5",5,0.833965844402277,"SS_Mean_Score"
"6",6,0.829222011385199,"SS_Mean_Score"
"7",7,0.860952380952381,"SS_Mean_Score"
"8",8,0.848571428571429,"SS_Mean_Score"
"9",9,0.875490196078431,"SS_Mean_Score"
"10",10,0.844402277039848,"SS_Mean_Score"
