"","num_dataset","AUC","Model_Type"
"1",1,0.879411764705882,"SS_Mean_Score"
"2",2,0.835238095238095,"SS_Mean_Score"
"3",3,0.856190476190476,"SS_Mean_Score"
"4",4,0.872865275142315,"SS_Mean_Score"
"5",5,0.861480075901328,"SS_Mean_Score"
"6",6,0.833017077798861,"SS_Mean_Score"
"7",7,0.835863377609108,"SS_Mean_Score"
"8",8,0.830392156862745,"SS_Mean_Score"
"9",9,0.853889943074004,"SS_Mean_Score"
"10",10,0.853889943074004,"SS_Mean_Score"
