"","num_dataset","AUC","Model_Type"
"1",1,0.887096774193548,"SS_Mean_Score"
"2",2,0.855238095238095,"SS_Mean_Score"
"3",3,0.869070208728653,"SS_Mean_Score"
"4",4,0.832068311195446,"SS_Mean_Score"
"5",5,0.85,"SS_Mean_Score"
"6",6,0.83111954459203,"SS_Mean_Score"
"7",7,0.851428571428571,"SS_Mean_Score"
"8",8,0.830392156862745,"SS_Mean_Score"
"9",9,0.857685009487666,"SS_Mean_Score"
"10",10,0.855787476280835,"SS_Mean_Score"
