"","num_dataset","AUC","Model_Type"
"1",1,0.842857142857143,"SS_Mean_Score"
"2",2,0.863809523809524,"SS_Mean_Score"
"3",3,0.86078431372549,"SS_Mean_Score"
"4",4,0.837760910815939,"SS_Mean_Score"
"5",5,0.862428842504744,"SS_Mean_Score"
"6",6,0.846299810246679,"SS_Mean_Score"
"7",7,0.846299810246679,"SS_Mean_Score"
"8",8,0.840196078431373,"SS_Mean_Score"
"9",9,0.843453510436433,"SS_Mean_Score"
"10",10,0.876660341555977,"SS_Mean_Score"
