"","num_dataset","AUC","Model_Type"
"1",1,0.865714285714286,"SS_Mean_Score"
"2",2,0.874762808349146,"SS_Mean_Score"
"3",3,0.84819734345351,"SS_Mean_Score"
"4",4,0.841555977229602,"SS_Mean_Score"
"5",5,0.852941176470588,"SS_Mean_Score"
"6",6,0.863377609108159,"SS_Mean_Score"
"7",7,0.832352941176471,"SS_Mean_Score"
"8",8,0.838709677419355,"SS_Mean_Score"
"9",9,0.855882352941176,"SS_Mean_Score"
"10",10,0.846666666666667,"SS_Mean_Score"
