"","num_dataset","AUC","Model_Type"
"1",1,0.857142857142857,"SS_Mean_Score"
"2",2,0.857685009487666,"SS_Mean_Score"
"3",3,0.845161290322581,"SS_Mean_Score"
"4",4,0.843453510436433,"SS_Mean_Score"
"5",5,0.854838709677419,"SS_Mean_Score"
"6",6,0.859803921568628,"SS_Mean_Score"
"7",7,0.86527514231499,"SS_Mean_Score"
"8",8,0.881372549019608,"SS_Mean_Score"
"9",9,0.82843137254902,"SS_Mean_Score"
"10",10,0.841555977229602,"SS_Mean_Score"
