"","num_dataset","AUC","Model_Type"
"1",1,0.914285714285714,"WCN_Mean_Score"
"2",2,0.93168880455408,"WCN_Mean_Score"
"3",3,0.93921568627451,"WCN_Mean_Score"
"4",4,0.907020872865275,"WCN_Mean_Score"
"5",5,0.904901960784314,"WCN_Mean_Score"
"6",6,0.895852534562212,"WCN_Mean_Score"
"7",7,0.899430740037951,"WCN_Mean_Score"
"8",8,0.943074003795066,"WCN_Mean_Score"
"9",9,0.891176470588235,"WCN_Mean_Score"
"10",10,0.903225806451613,"WCN_Mean_Score"
