"","num_dataset","AUC","Model_Type"
"1",1,0.815939278937381,"WCN"
"2",2,0.812380952380952,"WCN"
"3",3,0.807373271889401,"WCN"
"4",4,0.790322580645161,"WCN"
"5",5,0.805882352941176,"WCN"
"6",6,0.826375711574953,"WCN"
"7",7,0.800759013282732,"WCN"
"8",8,0.81078431372549,"WCN"
"9",9,0.801960784313726,"WCN"
"10",10,0.843453510436433,"WCN"
