"","num_dataset","AUC","Model_Type"
"1",1,0.896584440227704,"WCN_Mean_Score"
"2",2,0.897058823529412,"WCN_Mean_Score"
"3",3,0.904761904761905,"WCN_Mean_Score"
"4",4,0.925996204933586,"WCN_Mean_Score"
"5",5,0.918095238095238,"WCN_Mean_Score"
"6",6,0.907020872865275,"WCN_Mean_Score"
"7",7,0.915559772296015,"WCN_Mean_Score"
"8",8,0.905882352941176,"WCN_Mean_Score"
"9",9,0.907969639468691,"WCN_Mean_Score"
"10",10,0.942125237191651,"WCN_Mean_Score"
