"","num_dataset","AUC","Model_Type"
"1",1,0.88,"WCN_SS"
"2",2,0.86527514231499,"WCN_SS"
"3",3,0.881404174573055,"WCN_SS"
"4",4,0.836812144212524,"WCN_SS"
"5",5,0.873333333333333,"WCN_SS"
"6",6,0.876660341555977,"WCN_SS"
"7",7,0.830392156862745,"WCN_SS"
"8",8,0.888994307400379,"WCN_SS"
"9",9,0.879411764705882,"WCN_SS"
"10",10,0.857685009487666,"WCN_SS"
