"","num_dataset","AUC","Model_Type"
"1",1,0.868627450980392,"WCN_SS"
"2",2,0.866359447004608,"WCN_SS"
"3",3,0.885294117647059,"WCN_SS"
"4",4,0.857843137254902,"WCN_SS"
"5",5,0.86527514231499,"WCN_SS"
"6",6,0.883301707779886,"WCN_SS"
"7",7,0.83111954459203,"WCN_SS"
"8",8,0.888045540796964,"WCN_SS"
"9",9,0.896190476190476,"WCN_SS"
"10",10,0.846299810246679,"WCN_SS"
