"","num_dataset","AUC","Model_Type"
"1",1,0.861904761904762,"WCN_SS"
"2",2,0.83111954459203,"WCN_SS"
"3",3,0.851992409867173,"WCN_SS"
"4",4,0.890891840607211,"WCN_SS"
"5",5,0.853921568627451,"WCN_SS"
"6",6,0.835863377609108,"WCN_SS"
"7",7,0.869607843137255,"WCN_SS"
"8",8,0.900980392156863,"WCN_SS"
"9",9,0.846299810246679,"WCN_SS"
"10",10,0.893087557603687,"WCN_SS"
