"","num_dataset","AUC","Model_Type"
"1",1,0.930392156862745,"WCN_Mean_Score"
"2",2,0.899430740037951,"WCN_Mean_Score"
"3",3,0.902277039848197,"WCN_Mean_Score"
"4",4,0.91889400921659,"WCN_Mean_Score"
"5",5,0.922549019607843,"WCN_Mean_Score"
"6",6,0.915207373271889,"WCN_Mean_Score"
"7",7,0.896584440227704,"WCN_Mean_Score"
"8",8,0.910815939278937,"WCN_Mean_Score"
"9",9,0.914705882352941,"WCN_Mean_Score"
"10",10,0.935294117647059,"WCN_Mean_Score"
