"","num_dataset","AUC","Model_Type"
"1",1,0.783681214421252,"WCN"
"2",2,0.825714285714286,"WCN"
"3",3,0.826470588235294,"WCN"
"4",4,0.804554079696395,"WCN"
"5",5,0.798861480075901,"WCN"
"6",6,0.813725490196078,"WCN"
"7",7,0.816666666666667,"WCN"
"8",8,0.824478178368121,"WCN"
"9",9,0.813092979127135,"WCN"
"10",10,0.848847926267281,"WCN"
