"","num_dataset","AUC","Model_Type"
"1",1,0.877609108159393,"WCN_SS"
"2",2,0.850094876660342,"WCN_SS"
"3",3,0.885714285714286,"WCN_SS"
"4",4,0.886148007590133,"WCN_SS"
"5",5,0.83047619047619,"WCN_SS"
"6",6,0.871916508538899,"WCN_SS"
"7",7,0.877450980392157,"WCN_SS"
"8",8,0.871916508538899,"WCN_SS"
"9",9,0.838235294117647,"WCN_SS"
"10",10,0.904174573055028,"WCN_SS"
