"","num_dataset","AUC","Model_Type"
"1",1,0.857142857142857,"WCN_SS"
"2",2,0.862428842504744,"WCN_SS"
"3",3,0.868627450980392,"WCN_SS"
"4",4,0.880392156862745,"WCN_SS"
"5",5,0.851612903225806,"WCN_SS"
"6",6,0.834313725490196,"WCN_SS"
"7",7,0.925047438330171,"WCN_SS"
"8",8,0.851960784313725,"WCN_SS"
"9",9,0.882352941176471,"WCN_SS"
"10",10,0.871916508538899,"WCN_SS"
