"","num_dataset","AUC","Model_Type"
"1",1,0.870018975332068,"WCN_SS"
"2",2,0.883301707779886,"WCN_SS"
"3",3,0.837760910815939,"WCN_SS"
"4",4,0.852941176470588,"WCN_SS"
"5",5,0.842504743833017,"WCN_SS"
"6",6,0.861480075901328,"WCN_SS"
"7",7,0.884761904761905,"WCN_SS"
"8",8,0.875711574952562,"WCN_SS"
"9",9,0.890196078431373,"WCN_SS"
"10",10,0.858095238095238,"WCN_SS"
