"","num_dataset","AUC","Model_Type"
"1",1,0.856862745098039,"WCN_SS"
"2",2,0.843453510436433,"WCN_SS"
"3",3,0.88045540796964,"WCN_SS"
"4",4,0.837760910815939,"WCN_SS"
"5",5,0.88899430740038,"WCN_SS"
"6",6,0.847619047619048,"WCN_SS"
"7",7,0.862428842504744,"WCN_SS"
"8",8,0.913725490196078,"WCN_SS"
"9",9,0.854838709677419,"WCN_SS"
"10",10,0.881904761904762,"WCN_SS"
