"","num_dataset","AUC","Model_Type"
"1",1,0.887557603686636,"WCN_SS"
"2",2,0.83965844402277,"WCN_SS"
"3",3,0.879506641366224,"WCN_SS"
"4",4,0.840196078431373,"WCN_SS"
"5",5,0.844117647058824,"WCN_SS"
"6",6,0.88921568627451,"WCN_SS"
"7",7,0.859582542694497,"WCN_SS"
"8",8,0.891840607210626,"WCN_SS"
"9",9,0.855787476280835,"WCN_SS"
"10",10,0.855238095238095,"WCN_SS"
