"","num_dataset","AUC","Model_Type"
"1",1,0.910815939278937,"WCN_Mean_Score"
"2",2,0.928842504743833,"WCN_Mean_Score"
"3",3,0.903225806451613,"WCN_Mean_Score"
"4",4,0.915559772296015,"WCN_Mean_Score"
"5",5,0.902941176470588,"WCN_Mean_Score"
"6",6,0.898481973434535,"WCN_Mean_Score"
"7",7,0.917457305502846,"WCN_Mean_Score"
"8",8,0.916666666666667,"WCN_Mean_Score"
"9",9,0.915238095238095,"WCN_Mean_Score"
"10",10,0.92156862745098,"WCN_Mean_Score"
