"","num_dataset","AUC","Model_Type"
"1",1,0.9146110056926,"WCN_Mean_Score"
"2",2,0.925490196078431,"WCN_Mean_Score"
"3",3,0.930392156862745,"WCN_Mean_Score"
"4",4,0.9146110056926,"WCN_Mean_Score"
"5",5,0.917457305502846,"WCN_Mean_Score"
"6",6,0.907969639468691,"WCN_Mean_Score"
"7",7,0.902304147465438,"WCN_Mean_Score"
"8",8,0.902941176470588,"WCN_Mean_Score"
"9",9,0.886274509803922,"WCN_Mean_Score"
"10",10,0.941935483870968,"WCN_Mean_Score"
