"","num_dataset","AUC","Model_Type"
"1",1,0.830170777988615,"WCN_SS"
"2",2,0.846078431372549,"WCN_SS"
"3",3,0.855882352941177,"WCN_SS"
"4",4,0.891840607210626,"WCN_SS"
"5",5,0.860531309297913,"WCN_SS"
"6",6,0.879506641366224,"WCN_SS"
"7",7,0.842857142857143,"WCN_SS"
"8",8,0.871916508538899,"WCN_SS"
"9",9,0.905882352941176,"WCN_SS"
"10",10,0.847926267281106,"WCN_SS"
