"","num_dataset","AUC","Model_Type"
"1",1,0.9146110056926,"WCN_Mean_Score"
"2",2,0.891840607210626,"WCN_Mean_Score"
"3",3,0.915686274509804,"WCN_Mean_Score"
"4",4,0.912442396313364,"WCN_Mean_Score"
"5",5,0.913725490196078,"WCN_Mean_Score"
"6",6,0.890196078431372,"WCN_Mean_Score"
"7",7,0.921252371916509,"WCN_Mean_Score"
"8",8,0.944971537001898,"WCN_Mean_Score"
"9",9,0.915207373271889,"WCN_Mean_Score"
"10",10,0.907843137254902,"WCN_Mean_Score"
