"","num_dataset","AUC","Model_Type"
"1",1,0.881404174573055,"WCN_SS"
"2",2,0.857685009487666,"WCN_SS"
"3",3,0.887254901960784,"WCN_SS"
"4",4,0.851428571428571,"WCN_SS"
"5",5,0.836812144212524,"WCN_SS"
"6",6,0.836812144212524,"WCN_SS"
"7",7,0.858633776091082,"WCN_SS"
"8",8,0.891428571428571,"WCN_SS"
"9",9,0.882352941176471,"WCN_SS"
"10",10,0.890891840607211,"WCN_SS"
