"","num_dataset","AUC","Model_Type"
"1",1,0.848039215686274,"WCN_SS"
"2",2,0.862745098039216,"WCN_SS"
"3",3,0.841555977229602,"WCN_SS"
"4",4,0.895852534562212,"WCN_SS"
"5",5,0.890891840607211,"WCN_SS"
"6",6,0.857142857142857,"WCN_SS"
"7",7,0.872865275142315,"WCN_SS"
"8",8,0.875711574952562,"WCN_SS"
"9",9,0.855882352941177,"WCN_SS"
"10",10,0.876470588235294,"WCN_SS"
