"","num_dataset","AUC","Model_Type"
"1",1,0.919815668202765,"WCN_Mean_Score"
"2",2,0.901328273244782,"WCN_Mean_Score"
"3",3,0.933333333333333,"WCN_Mean_Score"
"4",4,0.908823529411765,"WCN_Mean_Score"
"5",5,0.920952380952381,"WCN_Mean_Score"
"6",6,0.915559772296015,"WCN_Mean_Score"
"7",7,0.92314990512334,"WCN_Mean_Score"
"8",8,0.906862745098039,"WCN_Mean_Score"
"9",9,0.893738140417457,"WCN_Mean_Score"
"10",10,0.920303605313093,"WCN_Mean_Score"
