"","num_dataset","AUC","Model_Type"
"1",1,0.908823529411765,"WCN_SS"
"2",2,0.855787476280835,"WCN_SS"
"3",3,0.875238095238095,"WCN_SS"
"4",4,0.875238095238095,"WCN_SS"
"5",5,0.867172675521822,"WCN_SS"
"6",6,0.83111954459203,"WCN_SS"
"7",7,0.851992409867173,"WCN_SS"
"8",8,0.834914611005693,"WCN_SS"
"9",9,0.893137254901961,"WCN_SS"
"10",10,0.883301707779886,"WCN_SS"
