"","num_dataset","AUC","Model_Type"
"1",1,0.850980392156863,"WCN_SS"
"2",2,0.876660341555977,"WCN_SS"
"3",3,0.862745098039216,"WCN_SS"
"4",4,0.851960784313725,"WCN_SS"
"5",5,0.888994307400379,"WCN_SS"
"6",6,0.881404174573055,"WCN_SS"
"7",7,0.860531309297913,"WCN_SS"
"8",8,0.835294117647059,"WCN_SS"
"9",9,0.884792626728111,"WCN_SS"
"10",10,0.865437788018433,"WCN_SS"
