"","num_dataset","AUC","Model_Type"
"1",1,0.865686274509804,"WCN_SS"
"2",2,0.843137254901961,"WCN_SS"
"3",3,0.861480075901328,"WCN_SS"
"4",4,0.854838709677419,"WCN_SS"
"5",5,0.854838709677419,"WCN_SS"
"6",6,0.882352941176471,"WCN_SS"
"7",7,0.874762808349146,"WCN_SS"
"8",8,0.892156862745098,"WCN_SS"
"9",9,0.859047619047619,"WCN_SS"
"10",10,0.885714285714286,"WCN_SS"
