"","num_dataset","AUC","Model_Type"
"1",1,0.88294930875576,"WCN_SS"
"2",2,0.894686907020873,"WCN_SS"
"3",3,0.87156862745098,"WCN_SS"
"4",4,0.878557874762808,"WCN_SS"
"5",5,0.871916508538899,"WCN_SS"
"6",6,0.846078431372549,"WCN_SS"
"7",7,0.837254901960784,"WCN_SS"
"8",8,0.868121442125237,"WCN_SS"
"9",9,0.852941176470588,"WCN_SS"
"10",10,0.865437788018433,"WCN_SS"
