"","num_dataset","AUC","Model_Type"
"1",1,0.942156862745098,"WCN_Mean_Score"
"2",2,0.907843137254902,"WCN_Mean_Score"
"3",3,0.907843137254902,"WCN_Mean_Score"
"4",4,0.908918406072106,"WCN_Mean_Score"
"5",5,0.93168880455408,"WCN_Mean_Score"
"6",6,0.912745098039216,"WCN_Mean_Score"
"7",7,0.909677419354839,"WCN_Mean_Score"
"8",8,0.913662239089184,"WCN_Mean_Score"
"9",9,0.911520737327189,"WCN_Mean_Score"
"10",10,0.907020872865275,"WCN_Mean_Score"
