"","num_dataset","AUC","Model_Type"
"1",1,0.814705882352941,"WCN"
"2",2,0.801707779886148,"WCN"
"3",3,0.816190476190476,"WCN"
"4",4,0.811195445920304,"WCN"
"5",5,0.818627450980392,"WCN"
"6",6,0.84819734345351,"WCN"
"7",7,0.781783681214421,"WCN"
"8",8,0.801904761904762,"WCN"
"9",9,0.812144212523719,"WCN"
"10",10,0.817836812144213,"WCN"
