"","num_dataset","AUC","Model_Type"
"1",1,0.827649769585253,"WCN"
"2",2,0.794117647058823,"WCN"
"3",3,0.830170777988615,"WCN"
"4",4,0.804901960784314,"WCN"
"5",5,0.827324478178368,"WCN"
"6",6,0.819607843137255,"WCN"
"7",7,0.813333333333333,"WCN"
"8",8,0.849146110056926,"WCN"
"9",9,0.845351043643264,"WCN"
"10",10,0.796078431372549,"WCN"
