"","num_dataset","AUC","Model_Type"
"1",1,0.874285714285714,"WCN_SS"
"2",2,0.864705882352941,"WCN_SS"
"3",3,0.888479262672811,"WCN_SS"
"4",4,0.853889943074004,"WCN_SS"
"5",5,0.862745098039216,"WCN_SS"
"6",6,0.879506641366224,"WCN_SS"
"7",7,0.862428842504744,"WCN_SS"
"8",8,0.859803921568628,"WCN_SS"
"9",9,0.845351043643264,"WCN_SS"
"10",10,0.892789373814042,"WCN_SS"
