"","num_dataset","AUC","Model_Type"
"1",1,0.875490196078431,"WCN_SS"
"2",2,0.838709677419355,"WCN_SS"
"3",3,0.842156862745098,"WCN_SS"
"4",4,0.861480075901328,"WCN_SS"
"5",5,0.83963133640553,"WCN_SS"
"6",6,0.884250474383302,"WCN_SS"
"7",7,0.886274509803922,"WCN_SS"
"8",8,0.882352941176471,"WCN_SS"
"9",9,0.873814041745731,"WCN_SS"
"10",10,0.852941176470588,"WCN_SS"
