"","num_dataset","AUC","Model_Type"
"1",1,0.885199240986717,"WCN_SS"
"2",2,0.861764705882353,"WCN_SS"
"3",3,0.86527514231499,"WCN_SS"
"4",4,0.902941176470588,"WCN_SS"
"5",5,0.845351043643264,"WCN_SS"
"6",6,0.865714285714286,"WCN_SS"
"7",7,0.866223908918406,"WCN_SS"
"8",8,0.885199240986717,"WCN_SS"
"9",9,0.883333333333333,"WCN_SS"
"10",10,0.867281105990783,"WCN_SS"
