"","num_dataset","AUC","Model_Type"
"1",1,0.913725490196078,"WCN_Mean_Score"
"2",2,0.936432637571157,"WCN_Mean_Score"
"3",3,0.919354838709677,"WCN_Mean_Score"
"4",4,0.895098039215686,"WCN_Mean_Score"
"5",5,0.907834101382488,"WCN_Mean_Score"
"6",6,0.898617511520737,"WCN_Mean_Score"
"7",7,0.924509803921569,"WCN_Mean_Score"
"8",8,0.904901960784314,"WCN_Mean_Score"
"9",9,0.913662239089184,"WCN_Mean_Score"
"10",10,0.927893738140417,"WCN_Mean_Score"
