"","num_dataset","AUC","Model_Type"
"1",1,0.926944971537002,"WCN_Mean_Score"
"2",2,0.922549019607843,"WCN_Mean_Score"
"3",3,0.903809523809524,"WCN_Mean_Score"
"4",4,0.913364055299539,"WCN_Mean_Score"
"5",5,0.903921568627451,"WCN_Mean_Score"
"6",6,0.918406072106262,"WCN_Mean_Score"
"7",7,0.897533206831119,"WCN_Mean_Score"
"8",8,0.928842504743833,"WCN_Mean_Score"
"9",9,0.918406072106262,"WCN_Mean_Score"
"10",10,0.92156862745098,"WCN_Mean_Score"
