"","num_dataset","AUC","Model_Type"
"1",1,0.88899430740038,"WCN_SS"
"2",2,0.873814041745731,"WCN_SS"
"3",3,0.870588235294118,"WCN_SS"
"4",4,0.86078431372549,"WCN_SS"
"5",5,0.870588235294118,"WCN_SS"
"6",6,0.885199240986717,"WCN_SS"
"7",7,0.893137254901961,"WCN_SS"
"8",8,0.87926267281106,"WCN_SS"
"9",9,0.842504743833017,"WCN_SS"
"10",10,0.832258064516129,"WCN_SS"
