"","num_dataset","AUC","Model_Type"
"1",1,0.833965844402277,"WCN"
"2",2,0.845351043643264,"WCN"
"3",3,0.818627450980392,"WCN"
"4",4,0.832352941176471,"WCN"
"5",5,0.81404174573055,"WCN"
"6",6,0.820952380952381,"WCN"
"7",7,0.816888045540797,"WCN"
"8",8,0.787096774193548,"WCN"
"9",9,0.798039215686275,"WCN"
"10",10,0.809297912713473,"WCN"
