"","num_dataset","AUC","Model_Type"
"1",1,0.848039215686274,"WCN_SS"
"2",2,0.889943074003795,"WCN_SS"
"3",3,0.895635673624288,"WCN_SS"
"4",4,0.833965844402277,"WCN_SS"
"5",5,0.862428842504744,"WCN_SS"
"6",6,0.87156862745098,"WCN_SS"
"7",7,0.88952380952381,"WCN_SS"
"8",8,0.843137254901961,"WCN_SS"
"9",9,0.893087557603687,"WCN_SS"
"10",10,0.871916508538899,"WCN_SS"
