"","num_dataset","AUC","Model_Type"
"1",1,0.887096774193548,"WCN_Mean_Score"
"2",2,0.912380952380952,"WCN_Mean_Score"
"3",3,0.908823529411765,"WCN_Mean_Score"
"4",4,0.919354838709677,"WCN_Mean_Score"
"5",5,0.947817836812144,"WCN_Mean_Score"
"6",6,0.916508538899431,"WCN_Mean_Score"
"7",7,0.920588235294118,"WCN_Mean_Score"
"8",8,0.916508538899431,"WCN_Mean_Score"
"9",9,0.902304147465438,"WCN_Mean_Score"
"10",10,0.904901960784314,"WCN_Mean_Score"
