"","num_dataset","AUC","Model_Type"
"1",1,0.883333333333333,"WCN_SS"
"2",2,0.843453510436433,"WCN_SS"
"3",3,0.860531309297913,"WCN_SS"
"4",4,0.856221198156682,"WCN_SS"
"5",5,0.854901960784314,"WCN_SS"
"6",6,0.838235294117647,"WCN_SS"
"7",7,0.875576036866359,"WCN_SS"
"8",8,0.873529411764706,"WCN_SS"
"9",9,0.876660341555977,"WCN_SS"
"10",10,0.892789373814042,"WCN_SS"
