"","num_dataset","AUC","Model_Type"
"1",1,0.889943074003795,"WCN_SS"
"2",2,0.873333333333333,"WCN_SS"
"3",3,0.853889943074004,"WCN_SS"
"4",4,0.850094876660342,"WCN_SS"
"5",5,0.881372549019608,"WCN_SS"
"6",6,0.845098039215686,"WCN_SS"
"7",7,0.853889943074004,"WCN_SS"
"8",8,0.892380952380952,"WCN_SS"
"9",9,0.883301707779886,"WCN_SS"
"10",10,0.883301707779886,"WCN_SS"
