"","num_dataset","AUC","Model_Type"
"1",1,0.918406072106262,"WCN_Mean_Score"
"2",2,0.92843137254902,"WCN_Mean_Score"
"3",3,0.933640552995392,"WCN_Mean_Score"
"4",4,0.919354838709677,"WCN_Mean_Score"
"5",5,0.91078431372549,"WCN_Mean_Score"
"6",6,0.903809523809524,"WCN_Mean_Score"
"7",7,0.899430740037951,"WCN_Mean_Score"
"8",8,0.919354838709677,"WCN_Mean_Score"
"9",9,0.898481973434535,"WCN_Mean_Score"
"10",10,0.917647058823529,"WCN_Mean_Score"
