"","num_dataset","AUC","Model_Type"
"1",1,0.866666666666667,"WCN_SS"
"2",2,0.879506641366224,"WCN_SS"
"3",3,0.893087557603687,"WCN_SS"
"4",4,0.878557874762808,"WCN_SS"
"5",5,0.864705882352941,"WCN_SS"
"6",6,0.842156862745098,"WCN_SS"
"7",7,0.885714285714286,"WCN_SS"
"8",8,0.854838709677419,"WCN_SS"
"9",9,0.852941176470588,"WCN_SS"
"10",10,0.863377609108159,"WCN_SS"
