"","num_dataset","AUC","Model_Type"
"1",1,0.897058823529412,"WCN_Mean_Score"
"2",2,0.946543778801843,"WCN_Mean_Score"
"3",3,0.930740037950664,"WCN_Mean_Score"
"4",4,0.905882352941176,"WCN_Mean_Score"
"5",5,0.898481973434535,"WCN_Mean_Score"
"6",6,0.912442396313364,"WCN_Mean_Score"
"7",7,0.919354838709677,"WCN_Mean_Score"
"8",8,0.912745098039216,"WCN_Mean_Score"
"9",9,0.90607210626186,"WCN_Mean_Score"
"10",10,0.930392156862745,"WCN_Mean_Score"
