"","num_dataset","AUC","Model_Type"
"1",1,0.868627450980392,"WCN_SS"
"2",2,0.852941176470588,"WCN_SS"
"3",3,0.876660341555977,"WCN_SS"
"4",4,0.87741935483871,"WCN_SS"
"5",5,0.863377609108159,"WCN_SS"
"6",6,0.866666666666667,"WCN_SS"
"7",7,0.837254901960784,"WCN_SS"
"8",8,0.842396313364055,"WCN_SS"
"9",9,0.861480075901328,"WCN_SS"
"10",10,0.9,"WCN_SS"
