"","num_dataset","AUC","Model_Type"
"1",1,0.806451612903226,"WCN"
"2",2,0.833333333333333,"WCN"
"3",3,0.846078431372549,"WCN"
"4",4,0.778937381404175,"WCN"
"5",5,0.803605313092979,"WCN"
"6",6,0.780392156862745,"WCN"
"7",7,0.828571428571429,"WCN"
"8",8,0.831336405529954,"WCN"
"9",9,0.824509803921569,"WCN"
"10",10,0.816888045540797,"WCN"
