"","num_dataset","AUC","Model_Type"
"1",1,0.918406072106262,"WCN_Mean_Score"
"2",2,0.907020872865275,"WCN_Mean_Score"
"3",3,0.918406072106262,"WCN_Mean_Score"
"4",4,0.929411764705882,"WCN_Mean_Score"
"5",5,0.892380952380952,"WCN_Mean_Score"
"6",6,0.907843137254902,"WCN_Mean_Score"
"7",7,0.92258064516129,"WCN_Mean_Score"
"8",8,0.919354838709677,"WCN_Mean_Score"
"9",9,0.919354838709677,"WCN_Mean_Score"
"10",10,0.908823529411765,"WCN_Mean_Score"
