"","num_dataset","AUC","Model_Type"
"1",1,0.899019607843137,"WCN_Mean_Score"
"2",2,0.91078431372549,"WCN_Mean_Score"
"3",3,0.942125237191651,"WCN_Mean_Score"
"4",4,0.908918406072106,"WCN_Mean_Score"
"5",5,0.91705069124424,"WCN_Mean_Score"
"6",6,0.91078431372549,"WCN_Mean_Score"
"7",7,0.908755760368664,"WCN_Mean_Score"
"8",8,0.927893738140417,"WCN_Mean_Score"
"9",9,0.904901960784314,"WCN_Mean_Score"
"10",10,0.897533206831119,"WCN_Mean_Score"
