"","num_dataset","AUC","Model_Type"
"1",1,0.800759013282732,"WCN"
"2",2,0.857142857142857,"WCN"
"3",3,0.806451612903226,"WCN"
"4",4,0.870588235294118,"WCN"
"5",5,0.811428571428571,"WCN"
"6",6,0.82258064516129,"WCN"
"7",7,0.818785578747628,"WCN"
"8",8,0.786527514231499,"WCN"
"9",9,0.781372549019608,"WCN"
"10",10,0.768627450980392,"WCN"
