"","num_dataset","AUC","Model_Type"
"1",1,0.894930875576037,"WCN_Mean_Score"
"2",2,0.896774193548387,"WCN_Mean_Score"
"3",3,0.911764705882353,"WCN_Mean_Score"
"4",4,0.911764705882353,"WCN_Mean_Score"
"5",5,0.916666666666667,"WCN_Mean_Score"
"6",6,0.929411764705882,"WCN_Mean_Score"
"7",7,0.918406072106262,"WCN_Mean_Score"
"8",8,0.927450980392157,"WCN_Mean_Score"
"9",9,0.927893738140417,"WCN_Mean_Score"
"10",10,0.894117647058824,"WCN_Mean_Score"
