"","num_dataset","AUC","Model_Type"
"1",1,0.90607210626186,"WCN_Mean_Score"
"2",2,0.935483870967742,"WCN_Mean_Score"
"3",3,0.902941176470588,"WCN_Mean_Score"
"4",4,0.892156862745098,"WCN_Mean_Score"
"5",5,0.92156862745098,"WCN_Mean_Score"
"6",6,0.918406072106262,"WCN_Mean_Score"
"7",7,0.910815939278937,"WCN_Mean_Score"
"8",8,0.902304147465438,"WCN_Mean_Score"
"9",9,0.921252371916509,"WCN_Mean_Score"
"10",10,0.91078431372549,"WCN_Mean_Score"
