"","num_dataset","AUC","Model_Type"
"1",1,0.800980392156863,"WCN"
"2",2,0.813092979127135,"WCN"
"3",3,0.814990512333966,"WCN"
"4",4,0.852941176470588,"WCN"
"5",5,0.82843137254902,"WCN"
"6",6,0.819734345351044,"WCN"
"7",7,0.790196078431373,"WCN"
"8",8,0.856190476190476,"WCN"
"9",9,0.822119815668203,"WCN"
"10",10,0.777039848197343,"WCN"
