"","num_dataset","AUC","Model_Type"
"1",1,0.824509803921569,"WCN"
"2",2,0.775142314990512,"WCN"
"3",3,0.81404174573055,"WCN"
"4",4,0.811195445920304,"WCN"
"5",5,0.843137254901961,"WCN"
"6",6,0.824884792626728,"WCN"
"7",7,0.8,"WCN"
"8",8,0.808571428571429,"WCN"
"9",9,0.832068311195446,"WCN"
"10",10,0.783681214421252,"WCN"
