"","num_dataset","AUC","Model_Type"
"1",1,0.835863377609108,"WCN_SS"
"2",2,0.908571428571429,"WCN_SS"
"3",3,0.853889943074004,"WCN_SS"
"4",4,0.858823529411765,"WCN_SS"
"5",5,0.866223908918406,"WCN_SS"
"6",6,0.85673624288425,"WCN_SS"
"7",7,0.882352941176471,"WCN_SS"
"8",8,0.883301707779886,"WCN_SS"
"9",9,0.887254901960784,"WCN_SS"
"10",10,0.859907834101382,"WCN_SS"
