"","num_dataset","AUC","Model_Type"
"1",1,0.851043643263757,"WCN_SS"
"2",2,0.866666666666667,"WCN_SS"
"3",3,0.861480075901328,"WCN_SS"
"4",4,0.873732718894009,"WCN_SS"
"5",5,0.881372549019608,"WCN_SS"
"6",6,0.9,"WCN_SS"
"7",7,0.893738140417457,"WCN_SS"
"8",8,0.834313725490196,"WCN_SS"
"9",9,0.889943074003795,"WCN_SS"
"10",10,0.84819734345351,"WCN_SS"
