"","num_dataset","AUC","Model_Type"
"1",1,0.868121442125237,"WCN_SS"
"2",2,0.831372549019608,"WCN_SS"
"3",3,0.900379506641366,"WCN_SS"
"4",4,0.866666666666667,"WCN_SS"
"5",5,0.885199240986717,"WCN_SS"
"6",6,0.881404174573055,"WCN_SS"
"7",7,0.888235294117647,"WCN_SS"
"8",8,0.847004608294931,"WCN_SS"
"9",9,0.869070208728653,"WCN_SS"
"10",10,0.841176470588235,"WCN_SS"
