"","num_dataset","AUC","Model_Type"
"1",1,0.917142857142857,"WCN_Mean_Score"
"2",2,0.92156862745098,"WCN_Mean_Score"
"3",3,0.912713472485769,"WCN_Mean_Score"
"4",4,0.905123339658444,"WCN_Mean_Score"
"5",5,0.932380952380952,"WCN_Mean_Score"
"6",6,0.929791271347249,"WCN_Mean_Score"
"7",7,0.932352941176471,"WCN_Mean_Score"
"8",8,0.898481973434535,"WCN_Mean_Score"
"9",9,0.898481973434535,"WCN_Mean_Score"
"10",10,0.925996204933586,"WCN_Mean_Score"
