"","num_dataset","AUC","Model_Type"
"1",1,0.864326375711575,"WCN_SS"
"2",2,0.848039215686274,"WCN_SS"
"3",3,0.865686274509804,"WCN_SS"
"4",4,0.887096774193548,"WCN_SS"
"5",5,0.885294117647059,"WCN_SS"
"6",6,0.848847926267281,"WCN_SS"
"7",7,0.878341013824885,"WCN_SS"
"8",8,0.857685009487666,"WCN_SS"
"9",9,0.861480075901328,"WCN_SS"
"10",10,0.918627450980392,"WCN_SS"
