"","num_dataset","AUC","Model_Type"
"1",1,0.932637571157495,"WCN_Mean_Score"
"2",2,0.905123339658444,"WCN_Mean_Score"
"3",3,0.903809523809524,"WCN_Mean_Score"
"4",4,0.895635673624288,"WCN_Mean_Score"
"5",5,0.900379506641366,"WCN_Mean_Score"
"6",6,0.916129032258065,"WCN_Mean_Score"
"7",7,0.915559772296015,"WCN_Mean_Score"
"8",8,0.944117647058824,"WCN_Mean_Score"
"9",9,0.907843137254902,"WCN_Mean_Score"
"10",10,0.909803921568627,"WCN_Mean_Score"
