"","num_dataset","AUC","Model_Type"
"1",1,0.854838709677419,"WCN_SS"
"2",2,0.884313725490196,"WCN_SS"
"3",3,0.896190476190476,"WCN_SS"
"4",4,0.884313725490196,"WCN_SS"
"5",5,0.84819734345351,"WCN_SS"
"6",6,0.86527514231499,"WCN_SS"
"7",7,0.836812144212524,"WCN_SS"
"8",8,0.876660341555977,"WCN_SS"
"9",9,0.86527514231499,"WCN_SS"
"10",10,0.853333333333333,"WCN_SS"
