"","num_dataset","AUC","Model_Type"
"1",1,0.832352941176471,"WCN_SS"
"2",2,0.855787476280835,"WCN_SS"
"3",3,0.893137254901961,"WCN_SS"
"4",4,0.842156862745098,"WCN_SS"
"5",5,0.870967741935484,"WCN_SS"
"6",6,0.836812144212524,"WCN_SS"
"7",7,0.85673624288425,"WCN_SS"
"8",8,0.874654377880184,"WCN_SS"
"9",9,0.899539170506912,"WCN_SS"
"10",10,0.896078431372549,"WCN_SS"
