"","num_dataset","AUC","Model_Type"
"1",1,0.79696394686907,"WCN"
"2",2,0.844402277039848,"WCN"
"3",3,0.799810246679317,"WCN"
"4",4,0.789373814041746,"WCN"
"5",5,0.825426944971537,"WCN"
"6",6,0.804901960784314,"WCN"
"7",7,0.795098039215686,"WCN"
"8",8,0.800952380952381,"WCN"
"9",9,0.816589861751152,"WCN"
"10",10,0.862745098039216,"WCN"
