"","num_dataset","AUC","Model_Type"
"1",1,0.834313725490196,"WCN"
"2",2,0.78842504743833,"WCN"
"3",3,0.826728110599078,"WCN"
"4",4,0.792156862745098,"WCN"
"5",5,0.811195445920304,"WCN"
"6",6,0.837254901960784,"WCN"
"7",7,0.8036866359447,"WCN"
"8",8,0.820683111954459,"WCN"
"9",9,0.803605313092979,"WCN"
"10",10,0.800980392156863,"WCN"
