"","num_dataset","AUC","Model_Type"
"1",1,0.823809523809524,"WCN"
"2",2,0.791271347248577,"WCN"
"3",3,0.817836812144213,"WCN"
"4",4,0.82843137254902,"WCN"
"5",5,0.80550284629981,"WCN"
"6",6,0.792380952380952,"WCN"
"7",7,0.821631878557875,"WCN"
"8",8,0.83921568627451,"WCN"
"9",9,0.802656546489564,"WCN"
"10",10,0.789373814041746,"WCN"
