"","num_dataset","AUC","Model_Type"
"1",1,0.858064516129032,"WCN_SS"
"2",2,0.857685009487666,"WCN_SS"
"3",3,0.888479262672811,"WCN_SS"
"4",4,0.858633776091082,"WCN_SS"
"5",5,0.837254901960784,"WCN_SS"
"6",6,0.868627450980392,"WCN_SS"
"7",7,0.935294117647059,"WCN_SS"
"8",8,0.836274509803922,"WCN_SS"
"9",9,0.884250474383302,"WCN_SS"
"10",10,0.838709677419355,"WCN_SS"
