"","num_dataset","AUC","Model_Type"
"1",1,0.910815939278937,"WCN_Mean_Score"
"2",2,0.918406072106262,"WCN_Mean_Score"
"3",3,0.916666666666667,"WCN_Mean_Score"
"4",4,0.917647058823529,"WCN_Mean_Score"
"5",5,0.920303605313093,"WCN_Mean_Score"
"6",6,0.895852534562212,"WCN_Mean_Score"
"7",7,0.909803921568627,"WCN_Mean_Score"
"8",8,0.926944971537002,"WCN_Mean_Score"
"9",9,0.911520737327189,"WCN_Mean_Score"
"10",10,0.92843137254902,"WCN_Mean_Score"
