"","num_dataset","AUC","Model_Type"
"1",1,0.853921568627451,"WCN_SS"
"2",2,0.903921568627451,"WCN_SS"
"3",3,0.842396313364055,"WCN_SS"
"4",4,0.888045540796964,"WCN_SS"
"5",5,0.882352941176471,"WCN_SS"
"6",6,0.891244239631336,"WCN_SS"
"7",7,0.856862745098039,"WCN_SS"
"8",8,0.844402277039848,"WCN_SS"
"9",9,0.862428842504744,"WCN_SS"
"10",10,0.855787476280835,"WCN_SS"
