"","num_dataset","AUC","Model_Type"
"1",1,0.854838709677419,"WCN_SS"
"2",2,0.868121442125237,"WCN_SS"
"3",3,0.856862745098039,"WCN_SS"
"4",4,0.873333333333333,"WCN_SS"
"5",5,0.881372549019608,"WCN_SS"
"6",6,0.876660341555977,"WCN_SS"
"7",7,0.863725490196078,"WCN_SS"
"8",8,0.875711574952562,"WCN_SS"
"9",9,0.847926267281106,"WCN_SS"
"10",10,0.901328273244782,"WCN_SS"
