"","num_dataset","AUC","Model_Type"
"1",1,0.85673624288425,"WCN_SS"
"2",2,0.891244239631336,"WCN_SS"
"3",3,0.834285714285714,"WCN_SS"
"4",4,0.904901960784314,"WCN_SS"
"5",5,0.841176470588235,"WCN_SS"
"6",6,0.844402277039848,"WCN_SS"
"7",7,0.89753320683112,"WCN_SS"
"8",8,0.876660341555977,"WCN_SS"
"9",9,0.861480075901328,"WCN_SS"
"10",10,0.859803921568628,"WCN_SS"
