"","num_dataset","AUC","Model_Type"
"1",1,0.849146110056926,"WCN_SS"
"2",2,0.898039215686275,"WCN_SS"
"3",3,0.885199240986717,"WCN_SS"
"4",4,0.876660341555977,"WCN_SS"
"5",5,0.888479262672811,"WCN_SS"
"6",6,0.881404174573055,"WCN_SS"
"7",7,0.894117647058824,"WCN_SS"
"8",8,0.827324478178368,"WCN_SS"
"9",9,0.870588235294118,"WCN_SS"
"10",10,0.848571428571429,"WCN_SS"
