"","num_dataset","AUC","Model_Type"
"1",1,0.862428842504744,"WCN_SS"
"2",2,0.844117647058824,"WCN_SS"
"3",3,0.867172675521822,"WCN_SS"
"4",4,0.898039215686275,"WCN_SS"
"5",5,0.869070208728653,"WCN_SS"
"6",6,0.840196078431373,"WCN_SS"
"7",7,0.85673624288425,"WCN_SS"
"8",8,0.825806451612903,"WCN_SS"
"9",9,0.892165898617511,"WCN_SS"
"10",10,0.894117647058824,"WCN_SS"
