"","num_dataset","AUC","Model_Type"
"1",1,0.822549019607843,"WCN"
"2",2,0.862857142857143,"WCN"
"3",3,0.802941176470588,"WCN"
"4",4,0.819354838709677,"WCN"
"5",5,0.802941176470588,"WCN"
"6",6,0.833965844402277,"WCN"
"7",7,0.780834914611006,"WCN"
"8",8,0.824478178368121,"WCN"
"9",9,0.807400379506641,"WCN"
"10",10,0.787476280834915,"WCN"
