"","num_dataset","AUC","Model_Type"
"1",1,0.87156862745098,"WCN_SS"
"2",2,0.867281105990783,"WCN_SS"
"3",3,0.846666666666667,"WCN_SS"
"4",4,0.881404174573055,"WCN_SS"
"5",5,0.857843137254902,"WCN_SS"
"6",6,0.897533206831119,"WCN_SS"
"7",7,0.887254901960784,"WCN_SS"
"8",8,0.836812144212524,"WCN_SS"
"9",9,0.841555977229602,"WCN_SS"
"10",10,0.875711574952562,"WCN_SS"
