"","num_dataset","AUC","Model_Type"
"1",1,0.825714285714286,"WCN"
"2",2,0.802941176470588,"WCN"
"3",3,0.841904761904762,"WCN"
"4",4,0.809297912713473,"WCN"
"5",5,0.820588235294118,"WCN"
"6",6,0.814990512333966,"WCN"
"7",7,0.811195445920304,"WCN"
"8",8,0.808349146110057,"WCN"
"9",9,0.84819734345351,"WCN"
"10",10,0.80550284629981,"WCN"
